feature_set,metric,contrast_family,conditioning_level,level_a,level_b,n_pairs,mean_difference_a_minus_b,median_difference_a_minus_b,sd_difference,ci95_low,ci95_high,wilcoxon_statistic,wilcoxon_method,p_unadjusted,negative_difference_count,positive_difference_count,ties,p_holm,reject_holm_0_05
A_all_21,r2,strategy_within_cutoff,Mean,Conservative,Balanced,10,-0.07594789114077902,-0.06170160685596543,0.044115847491610474,-0.10388892410185877,-0.05122366973354961,0.0,exact,0.001953125,10,0,0,0.017578125,True
A_all_21,r2,strategy_within_cutoff,Mean,Conservative,Aggressive,10,-0.07769197731201645,-0.08549163285289896,0.04940870303190477,-0.10681135946801013,-0.04959200537208622,0.0,exact,0.001953125,10,0,0,0.017578125,True
A_all_21,r2,strategy_within_cutoff,Mean,Balanced,Aggressive,10,-0.0017440861712374356,-0.003049537593824203,0.015477304836229958,-0.010981344228149895,0.006936591874573391,25.0,exact,0.845703125,6,4,0,1.0,False
A_all_21,r2,strategy_within_cutoff,Q3,Conservative,Balanced,10,-0.05287635253825042,-0.054657519015496425,0.03548724799899316,-0.07399784262295593,-0.03301635827326163,0.0,exact,0.001953125,10,0,0,0.017578125,True
A_all_21,r2,strategy_within_cutoff,Q3,Conservative,Aggressive,10,0.14227036571520218,0.15871937322106694,0.2047505304588708,0.023166148946173096,0.26386278977293454,10.0,exact,0.083984375,4,6,0,0.251953125,False
A_all_21,r2,strategy_within_cutoff,Q3,Balanced,Aggressive,10,0.19514671825345262,0.19635083511071572,0.2087469896054066,0.075085777597316,0.32016559518256854,6.0,exact,0.02734375,2,8,0,0.1640625,False
A_all_21,r2,strategy_within_cutoff,Q3+IQR/2,Conservative,Balanced,10,-0.005444899838620354,-0.019688180626661833,0.05222652726962536,-0.036887420940496386,0.024353672737202046,27.0,exact,1.0,6,4,0,1.0,False
A_all_21,r2,strategy_within_cutoff,Q3+IQR/2,Conservative,Aggressive,10,0.10345297552078674,0.07892196924717615,0.1280534151303239,0.034094117951210215,0.18493587234724113,6.0,exact,0.02734375,3,7,0,0.1640625,False
A_all_21,r2,strategy_within_cutoff,Q3+IQR/2,Balanced,Aggressive,10,0.10889787535940709,0.10492168103423483,0.13747189336010748,0.03505531756426299,0.19363772475536048,7.0,exact,0.037109375,2,8,0,0.1640625,False
A_all_21,r2,cutoff_within_strategy,Conservative,Mean,Q3,10,-0.029080750855621052,-0.025553846305153505,0.04175180195116863,-0.05360382097999765,-0.005890349324161213,10.0,exact,0.083984375,7,3,0,0.419921875,False
A_all_21,r2,cutoff_within_strategy,Conservative,Mean,Q3+IQR/2,10,-0.060668481983678434,-0.048588643452263824,0.04678065572086195,-0.08939165104558115,-0.034819774703267456,0.0,exact,0.001953125,10,0,0,0.017578125,True
A_all_21,r2,cutoff_within_strategy,Conservative,Q3,Q3+IQR/2,10,-0.031587731128057385,-0.04470327352059994,0.031717254702567255,-0.04910347436813664,-0.012375027264656219,6.0,exact,0.02734375,7,3,0,0.1640625,False
A_all_21,r2,cutoff_within_strategy,Balanced,Mean,Q3,10,-0.006009212253092455,-0.01079309103356818,0.025661828146964646,-0.020461971070014632,0.009689566614037573,21.0,exact,0.556640625,7,3,0,1.0,False
A_all_21,r2,cutoff_within_strategy,Balanced,Mean,Q3+IQR/2,10,0.009834509318480223,0.004329894383897692,0.05451993926330709,-0.0223330181163837,0.04135727141044884,18.0,exact,0.375,4,6,0,1.0,False
A_all_21,r2,cutoff_within_strategy,Balanced,Q3,Q3+IQR/2,10,0.015843721571572676,0.006440022614426721,0.04263233222016034,-0.008417364103596139,0.04159896468305128,21.0,exact,0.556640625,4,6,0,1.0,False
A_all_21,r2,cutoff_within_strategy,Aggressive,Mean,Q3,10,0.19088159217159759,0.1797432875639542,0.20772929609641258,0.07332281747705507,0.31340895606307223,5.0,exact,0.01953125,2,8,0,0.15625,False
A_all_21,r2,cutoff_within_strategy,Aggressive,Mean,Q3+IQR/2,10,0.12047647084912474,0.10764377897734112,0.13239382257986754,0.047152522604809524,0.20421199685454763,5.0,exact,0.01953125,2,8,0,0.15625,False
A_all_21,r2,cutoff_within_strategy,Aggressive,Q3,Q3+IQR/2,10,-0.07040512132247281,-0.06346311454004111,0.2227712359285106,-0.20451218574700686,0.05178649826805109,20.0,exact,0.4921875,7,3,0,1.0,False
A_all_21,mape_pct,strategy_within_cutoff,Mean,Conservative,Balanced,10,2.695364904067107,2.88351237140467,0.7366249086773906,2.248985430801587,3.120852552598715,0.0,exact,0.001953125,0,10,0,0.017578125,True
A_all_21,mape_pct,strategy_within_cutoff,Mean,Conservative,Aggressive,10,2.674986679079578,2.7283038632045455,1.23997559707676,1.9528335740452287,3.3977161005472998,0.0,exact,0.001953125,0,10,0,0.017578125,True
A_all_21,mape_pct,strategy_within_cutoff,Mean,Balanced,Aggressive,10,-0.020378224987529593,-0.13766860703402983,0.9230017247152628,-0.5393404083463903,0.5426048641751977,26.0,exact,0.921875,6,4,0,1.0,False
A_all_21,mape_pct,strategy_within_cutoff,Q3,Conservative,Balanced,10,0.9269167603221511,0.916800535957444,1.411827855152443,0.11607376244481789,1.7690996040756883,9.0,exact,0.064453125,2,8,0,0.322265625,False
A_all_21,mape_pct,strategy_within_cutoff,Q3,Conservative,Aggressive,10,-2.8290914898299886,-2.5583300520902084,3.8236780319624133,-5.103670248813159,-0.6943616436290662,9.0,exact,0.064453125,7,3,0,0.322265625,False
A_all_21,mape_pct,strategy_within_cutoff,Q3,Balanced,Aggressive,10,-3.7560082501521395,-3.4709004555071052,4.104742668315352,-6.26569739108025,-1.5044477666639842,5.0,exact,0.01953125,8,2,0,0.13671875,False
A_all_21,mape_pct,strategy_within_cutoff,Q3+IQR/2,Conservative,Balanced,10,0.060186993568615496,0.2694315567095371,0.9005568018096985,-0.5082072522339354,0.5517862204197975,22.0,exact,0.625,3,7,0,1.0,False
A_all_21,mape_pct,strategy_within_cutoff,Q3+IQR/2,Conservative,Aggressive,10,-1.2791193897805027,-1.0936892372844556,1.5015055830380317,-2.2027710373287137,-0.44327876153281537,6.0,exact,0.02734375,7,3,0,0.1640625,False
A_all_21,mape_pct,strategy_within_cutoff,Q3+IQR/2,Balanced,Aggressive,10,-1.3393063833491181,-1.4550743365780132,1.8061376614620028,-2.382930514933095,-0.25613646721830174,9.0,exact,0.064453125,8,2,0,0.322265625,False
A_all_21,mape_pct,cutoff_within_strategy,Conservative,Mean,Q3,10,1.920606191204584,1.4376092691792328,2.5941983234759256,0.6434982055234734,3.5775156537049297,4.0,exact,0.013671875,1,9,0,0.109375,False
A_all_21,mape_pct,cutoff_within_strategy,Conservative,Mean,Q3+IQR/2,10,3.9392941572200213,3.2238181732171913,2.96016060476872,2.3646407435343346,5.838900461761145,0.0,exact,0.001953125,0,10,0,0.017578125,True
A_all_21,mape_pct,cutoff_within_strategy,Conservative,Q3,Q3+IQR/2,10,2.0186879660154387,2.1445722534598683,2.262195665080519,0.7278935180218526,3.422630403807072,7.0,exact,0.037109375,2,8,0,0.259765625,False
A_all_21,mape_pct,cutoff_within_strategy,Balanced,Mean,Q3,10,0.15215804745962808,-0.05672862267874823,2.578353700336005,-1.3371616821138257,1.6904919729078176,27.0,exact,1.0,6,4,0,1.0,False
A_all_21,mape_pct,cutoff_within_strategy,Balanced,Mean,Q3+IQR/2,10,1.3041162467215313,0.8981330183529046,3.0354045969661265,-0.3794960246843325,3.2942058468394,15.0,exact,0.232421875,2,8,0,0.9296875,False
A_all_21,mape_pct,cutoff_within_strategy,Balanced,Q3,Q3+IQR/2,10,1.151958199261903,0.7560569429169108,2.63544037203015,-0.3615783823606727,2.712212487646893,18.0,exact,0.375,5,5,0,1.0,False
A_all_21,mape_pct,cutoff_within_strategy,Aggressive,Mean,Q3,10,-3.5834719777049826,-2.539864812087692,4.672482279586756,-6.327820275489807,-0.8943862645801576,8.0,exact,0.048828125,9,1,0,0.29296875,False
A_all_21,mape_pct,cutoff_within_strategy,Aggressive,Mean,Q3+IQR/2,10,-0.014811911640057396,0.4428518208081762,3.4565711684063807,-1.9875454671561779,2.0526009152559106,27.0,exact,1.0,4,6,0,1.0,False
A_all_21,mape_pct,cutoff_within_strategy,Aggressive,Q3,Q3+IQR/2,10,3.5686600660649246,2.6980359419148217,5.470615836704231,0.6611923074461522,7.129297447081322,8.0,exact,0.048828125,2,8,0,0.29296875,False
A_all_21,rmse,strategy_within_cutoff,Mean,Conservative,Balanced,10,12571.793715204582,9063.450769271756,8083.322347545681,8080.804095855192,17500.083869866234,0.0,exact,0.001953125,0,10,0,0.017578125,True
A_all_21,rmse,strategy_within_cutoff,Mean,Conservative,Aggressive,10,12887.14820693358,12232.44614063441,8730.932621570671,7824.955410413405,18076.756694332966,0.0,exact,0.001953125,0,10,0,0.017578125,True
A_all_21,rmse,strategy_within_cutoff,Mean,Balanced,Aggressive,10,315.3544917289986,897.6171584053009,2631.042482777809,-1247.480675259805,1846.3512671718386,25.0,exact,0.845703125,4,6,0,1.0,False
A_all_21,rmse,strategy_within_cutoff,Q3,Conservative,Balanced,10,9106.678112369018,8156.203197433377,6540.322146785523,5505.294206525247,13186.654147623316,0.0,exact,0.001953125,0,10,0,0.017578125,True
A_all_21,rmse,strategy_within_cutoff,Q3,Conservative,Aggressive,10,-12280.376968865385,-16157.201833974827,23334.01939023158,-25734.129163577898,1808.0572161312764,13.0,exact,0.16015625,6,4,0,0.48046875,False
A_all_21,rmse,strategy_within_cutoff,Q3,Balanced,Aggressive,10,-21387.055081234404,-20962.091216524972,24106.40064422681,-35672.243518160445,-7424.860799954399,7.0,exact,0.037109375,8,2,0,0.22265625,False
A_all_21,rmse,strategy_within_cutoff,Q3+IQR/2,Conservative,Balanced,10,1964.2482059886174,3684.225957280787,9929.421361317356,-3482.7334043023116,8184.467192550464,26.0,exact,0.921875,4,6,0,1.0,False
A_all_21,rmse,strategy_within_cutoff,Q3+IQR/2,Conservative,Aggressive,10,-12589.393588230436,-11215.667078331653,15367.930378668956,-22228.764699124305,-4232.965712469578,8.0,exact,0.048828125,7,3,0,0.244140625,False
A_all_21,rmse,strategy_within_cutoff,Q3+IQR/2,Balanced,Aggressive,10,-14553.641794219051,-13084.007793576739,18729.164548124656,-25488.66858728591,-3781.5113133414134,9.0,exact,0.064453125,8,2,0,0.2578125,False
A_all_21,rmse,cutoff_within_strategy,Conservative,Mean,Q3,10,4062.3956857777275,3836.0225383198413,5720.859004404311,749.4040275514009,7485.943873952628,10.0,exact,0.083984375,3,7,0,0.419921875,False
A_all_21,rmse,cutoff_within_strategy,Conservative,Mean,Q3+IQR/2,10,8796.289637078487,6869.503021001583,6443.099764335661,5261.584183389362,12800.005851068508,0.0,exact,0.001953125,0,10,0,0.017578125,True
A_all_21,rmse,cutoff_within_strategy,Conservative,Q3,Q3+IQR/2,10,4733.893951300759,6166.327807941849,5175.195629850121,1567.198585698883,7570.004733853833,6.0,exact,0.02734375,3,7,0,0.19140625,False
A_all_21,rmse,cutoff_within_strategy,Balanced,Mean,Q3,10,597.2800829421649,2242.632865969559,4883.201431326389,-2536.7068282885584,3233.6621329817035,22.0,exact,0.625,3,7,0,1.0,False
A_all_21,rmse,cutoff_within_strategy,Balanced,Mean,Q3+IQR/2,10,-1811.2558721374764,-1238.8639029806418,8845.620468177205,-7019.921788205257,3269.702871431249,18.0,exact,0.375,6,4,0,1.0,False
A_all_21,rmse,cutoff_within_strategy,Balanced,Q3,Q3+IQR/2,10,-2408.535955079641,-1685.6196212566392,7480.994204100389,-6879.079278473043,1806.6721731071482,21.0,exact,0.556640625,6,4,0,1.0,False
A_all_21,rmse,cutoff_within_strategy,Aggressive,Mean,Q3,10,-21105.129490021238,-19926.22866256015,23288.331083464043,-35117.13663227458,-7837.2705203974565,5.0,exact,0.01953125,8,2,0,0.15625,False
A_all_21,rmse,cutoff_within_strategy,Aggressive,Mean,Q3+IQR/2,10,-16680.25215808553,-14574.096457095193,17008.348098688395,-27163.740150507354,-7063.238576082401,6.0,exact,0.02734375,8,2,0,0.19140625,False
A_all_21,rmse,cutoff_within_strategy,Aggressive,Q3,Q3+IQR/2,10,4424.877331935709,6507.670640597611,24695.490265261684,-10313.800328657111,19244.96483787596,22.0,exact,0.625,3,7,0,1.0,False
A_all_21,rmse_q3,strategy_within_cutoff,Mean,Conservative,Balanced,10,22305.8821476308,18927.998589848863,17987.454258395792,12217.02967271926,33227.75192040198,0.0,exact,0.001953125,0,10,0,0.017578125,True
A_all_21,rmse_q3,strategy_within_cutoff,Mean,Conservative,Aggressive,10,22961.277671177253,25163.45519084193,19870.67988472703,11322.011549153123,34378.6921522398,2.0,exact,0.005859375,1,9,0,0.041015625,True
A_all_21,rmse_q3,strategy_within_cutoff,Mean,Balanced,Aggressive,10,655.3955235464553,1762.0718974565243,5753.706642894444,-3003.7273817794967,3802.432269600985,22.0,exact,0.625,3,7,0,1.0,False
A_all_21,rmse_q3,strategy_within_cutoff,Q3,Conservative,Balanced,10,18925.40170890453,12327.441229091928,15190.615569324307,10675.449508284411,28162.634454426883,0.0,exact,0.001953125,0,10,0,0.017578125,True
A_all_21,rmse_q3,strategy_within_cutoff,Q3,Conservative,Aggressive,10,-19105.128478392093,-15998.763323173895,50552.10600621393,-48990.250669570916,10444.8020911934,17.0,exact,0.322265625,5,5,0,0.966796875,False
A_all_21,rmse_q3,strategy_within_cutoff,Q3,Balanced,Aggressive,10,-38030.53018729662,-20681.065632172973,52935.333812001496,-70199.58729534884,-8614.757277935012,9.0,exact,0.064453125,8,2,0,0.38671875,False
A_all_21,rmse_q3,strategy_within_cutoff,Q3+IQR/2,Conservative,Balanced,10,3915.9333387242377,7916.678566007315,18883.057150858782,-6524.711057717557,15205.270332960017,24.0,exact,0.76953125,4,6,0,1.0,False
A_all_21,rmse_q3,strategy_within_cutoff,Q3+IQR/2,Conservative,Aggressive,10,-23534.192358055378,-19421.356215213353,31938.157588799993,-43375.71566595892,-5803.914512152369,9.0,exact,0.064453125,7,3,0,0.38671875,False
A_all_21,rmse_q3,strategy_within_cutoff,Q3+IQR/2,Balanced,Aggressive,10,-27450.125696779614,-24678.131765298087,39065.709960479915,-50578.745359368775,-5091.550243683176,9.0,exact,0.064453125,8,2,0,0.38671875,False
A_all_21,rmse_q3,cutoff_within_strategy,Conservative,Mean,Q3,10,5421.679138744777,4598.362338158215,11778.109544226181,-1769.5860187668475,12225.093755734686,13.0,exact,0.16015625,2,8,0,0.9609375,False
A_all_21,rmse_q3,cutoff_within_strategy,Conservative,Mean,Q3+IQR/2,10,11868.334990457739,11041.613488451523,14113.321290831398,4041.474965674886,20745.801457998066,6.0,exact,0.02734375,3,7,0,0.21875,False
A_all_21,rmse_q3,cutoff_within_strategy,Conservative,Q3,Q3+IQR/2,10,6446.6558517129615,9011.31632118759,10503.952256824514,340.07447137530085,12549.769817590595,10.0,exact,0.083984375,4,6,0,0.587890625,False
A_all_21,rmse_q3,cutoff_within_strategy,Balanced,Mean,Q3,10,2041.1987000185109,4313.078834639131,9796.154584479083,-4079.482738380944,7347.0829349967435,18.0,exact,0.375,2,8,0,1.0,False
A_all_21,rmse_q3,cutoff_within_strategy,Balanced,Mean,Q3+IQR/2,10,-6521.613818448822,-3107.2279263665914,18744.01834219979,-17843.508786459694,4361.604766559363,17.0,exact,0.322265625,6,4,0,1.0,False
A_all_21,rmse_q3,cutoff_within_strategy,Balanced,Q3,Q3+IQR/2,10,-8562.812518467335,-4492.247061793583,17628.375130455286,-19473.253022438083,1065.9155500140087,16.0,exact,0.275390625,6,4,0,1.0,False
A_all_21,rmse_q3,cutoff_within_strategy,Aggressive,Mean,Q3,10,-36644.72701082458,-21942.71785451443,52006.168303893704,-68782.14442450131,-6891.939012712968,15.0,exact,0.232421875,5,5,0,1.0,False
A_all_21,rmse_q3,cutoff_within_strategy,Aggressive,Mean,Q3+IQR/2,10,-34627.13503877489,-30793.928194851178,34986.66895096096,-56557.88614075744,-15436.40806399522,3.0,exact,0.009765625,9,1,0,0.087890625,False
A_all_21,rmse_q3,cutoff_within_strategy,Aggressive,Q3,Q3+IQR/2,10,2017.5919720496809,-4313.6572647630455,50896.75075293442,-26155.266423659992,33927.82386999732,26.0,exact,0.921875,6,4,0,1.0,False
A_all_21,rmse_q3_iqr2,strategy_within_cutoff,Mean,Conservative,Balanced,10,25693.99803395344,22727.310102236854,23583.16582213796,12257.278028968509,39874.46331921243,3.0,exact,0.009765625,1,9,0,0.078125,False
A_all_21,rmse_q3_iqr2,strategy_within_cutoff,Mean,Conservative,Aggressive,10,27171.822028304818,30912.462091699723,25493.345559131812,12139.037169023492,42202.67504252097,4.0,exact,0.013671875,2,8,0,0.095703125,False
A_all_21,rmse_q3_iqr2,strategy_within_cutoff,Mean,Balanced,Aggressive,10,1477.8239943513734,2277.7316080777055,6523.789555624042,-2447.363607285777,5142.595058327483,20.0,exact,0.4921875,4,6,0,0.984375,False
A_all_21,rmse_q3_iqr2,strategy_within_cutoff,Q3,Conservative,Balanced,10,21166.06824427354,13924.930221095943,20401.40038925834,9840.99017147699,33899.24310532197,2.0,exact,0.005859375,1,9,0,0.052734375,False
A_all_21,rmse_q3_iqr2,strategy_within_cutoff,Q3,Conservative,Aggressive,10,-24563.12863934132,-21605.36804321747,63798.61411721445,-62962.835674324306,11884.276071141303,17.0,exact,0.322265625,6,4,0,0.966796875,False
A_all_21,rmse_q3_iqr2,strategy_within_cutoff,Q3,Balanced,Aggressive,10,-45729.19688361486,-22034.388263903587,66967.0575250965,-87239.85800589864,-7281.24351023656,11.0,exact,0.10546875,7,3,0,0.421875,False
A_all_21,rmse_q3_iqr2,strategy_within_cutoff,Q3+IQR/2,Conservative,Balanced,10,5146.51779593294,8848.060404642347,24018.884135773616,-8812.041709159956,19683.035826156105,24.0,exact,0.76953125,4,6,0,0.984375,False
A_all_21,rmse_q3_iqr2,strategy_within_cutoff,Q3+IQR/2,Conservative,Aggressive,10,-29512.895273002177,-20798.411587306713,40011.819150218085,-54388.422771367615,-7664.232806080954,9.0,exact,0.064453125,7,3,0,0.322265625,False
A_all_21,rmse_q3_iqr2,strategy_within_cutoff,Q3+IQR/2,Balanced,Aggressive,10,-34659.41306893512,-29542.054904498626,47660.1855883159,-63530.92920243028,-7667.893598510607,8.0,exact,0.048828125,8,2,0,0.29296875,False
A_all_21,rmse_q3_iqr2,cutoff_within_strategy,Conservative,Mean,Q3,10,8423.259411864125,9551.518114265225,13742.957301693174,-50.73274048745319,16207.433970107668,11.0,exact,0.10546875,2,8,0,0.73828125,False
A_all_21,rmse_q3_iqr2,cutoff_within_strategy,Conservative,Mean,Q3+IQR/2,10,13420.354256788763,13146.380512107757,17733.408730060215,3487.602467724797,24140.03881556369,8.0,exact,0.048828125,3,7,0,0.390625,False
A_all_21,rmse_q3_iqr2,cutoff_within_strategy,Conservative,Q3,Q3+IQR/2,10,4997.094844924638,9152.901661888762,15157.112456204579,-4229.776803547701,13695.004132812552,17.0,exact,0.322265625,4,6,0,1.0,False
A_all_21,rmse_q3_iqr2,cutoff_within_strategy,Balanced,Mean,Q3,10,3895.3296221842256,5898.675744726508,12189.32442655586,-3563.9931754087906,10481.276502435901,17.0,exact,0.322265625,2,8,0,1.0,False
A_all_21,rmse_q3_iqr2,cutoff_within_strategy,Balanced,Mean,Q3+IQR/2,10,-7127.125981231739,-4050.851807705025,22477.945451497675,-19845.361943978252,6066.742647208045,18.0,exact,0.375,6,4,0,1.0,False
A_all_21,rmse_q3_iqr2,cutoff_within_strategy,Balanced,Q3,Q3+IQR/2,10,-11022.455603415965,-5565.15116207051,20850.160931650586,-23736.654530518164,754.9489419211228,16.0,exact,0.275390625,7,3,0,1.0,False
A_all_21,rmse_q3_iqr2,cutoff_within_strategy,Aggressive,Mean,Q3,10,-43311.69125578202,-21605.029191913378,66185.09123633565,-84014.13698615033,-7384.440381099424,15.0,exact,0.232421875,5,5,0,1.0,False
A_all_21,rmse_q3_iqr2,cutoff_within_strategy,Aggressive,Mean,Q3+IQR/2,10,-43264.363044518235,-35958.16603575422,44370.500242917275,-71079.21668902216,-18561.414440805238,4.0,exact,0.013671875,9,1,0,0.123046875,False
A_all_21,rmse_q3_iqr2,cutoff_within_strategy,Aggressive,Q3,Q3+IQR/2,10,47.328211263779664,-7145.836355957854,64090.213069159436,-35277.05352896466,39515.91229314343,25.0,exact,0.845703125,6,4,0,1.0,False
B_no_component_costs,r2,strategy_within_cutoff,Mean,Conservative,Balanced,10,0.008977793972787418,-0.028989294021457723,0.24049637578686647,-0.10241958187292552,0.16872140918276451,16.0,exact,0.275390625,7,3,0,1.0,False
B_no_component_costs,r2,strategy_within_cutoff,Mean,Conservative,Aggressive,10,0.021991124585049378,-0.004610608432326302,0.10248128111446679,-0.033509895942346074,0.08431786131265279,26.0,exact,0.921875,6,4,0,1.0,False
B_no_component_costs,r2,strategy_within_cutoff,Mean,Balanced,Aggressive,10,0.013013330612261963,0.035275782614161255,0.17115774447915422,-0.09592651660913479,0.10054507129405503,17.0,exact,0.322265625,3,7,0,1.0,False
B_no_component_costs,r2,strategy_within_cutoff,Q3,Conservative,Balanced,10,0.039840508967619696,-0.019426374702498805,0.1568069068816475,-0.041960844576981654,0.13988792989062634,26.0,exact,0.921875,6,4,0,1.0,False
B_no_component_costs,r2,strategy_within_cutoff,Q3,Conservative,Aggressive,10,0.2964258478862804,0.24187875167480272,0.27713408037477616,0.1429627454508663,0.4716513297231581,2.0,exact,0.005859375,1,9,0,0.046875,True
B_no_component_costs,r2,strategy_within_cutoff,Q3,Balanced,Aggressive,10,0.25658533891866075,0.2466329156217839,0.21845498332673402,0.128546988665025,0.38352847540240725,2.0,exact,0.005859375,1,9,0,0.046875,True
B_no_component_costs,r2,strategy_within_cutoff,Q3+IQR/2,Conservative,Balanced,10,0.025554137832491875,0.0037252548362372018,0.16877547187888423,-0.07415344417839372,0.12215186158579712,23.0,exact,0.6953125,4,6,0,1.0,False
B_no_component_costs,r2,strategy_within_cutoff,Q3+IQR/2,Conservative,Aggressive,10,0.24712774314044667,0.1498707088268654,0.302261571981382,0.09992900084652284,0.44667537844159577,0.0,exact,0.001953125,0,10,0,0.017578125,True
B_no_component_costs,r2,strategy_within_cutoff,Q3+IQR/2,Balanced,Aggressive,10,0.22157360530795475,0.07163959457292549,0.40984822668737364,0.035378596532178896,0.490879007406451,7.0,exact,0.037109375,1,9,0,0.22265625,False
B_no_component_costs,r2,cutoff_within_strategy,Conservative,Mean,Q3,10,-0.038839514289541875,-0.03957120296544048,0.07525012706791574,-0.08436501948983788,0.002508576771853458,13.0,exact,0.16015625,7,3,0,1.0,False
B_no_component_costs,r2,cutoff_within_strategy,Conservative,Mean,Q3+IQR/2,10,-0.026358487146274635,-0.04025108474869454,0.06185732946110655,-0.06187112829540507,0.01000985748525867,14.0,exact,0.193359375,6,4,0,1.0,False
B_no_component_costs,r2,cutoff_within_strategy,Conservative,Q3,Q3+IQR/2,10,0.012481027143267242,-0.009750077524492862,0.07966576693726037,-0.02520126507739146,0.06537852588399684,24.0,exact,0.76953125,6,4,0,1.0,False
B_no_component_costs,r2,cutoff_within_strategy,Balanced,Mean,Q3,10,-0.007976799294709591,-0.01581126208859318,0.1401966400870256,-0.09926417455353559,0.06741176392168019,27.0,exact,1.0,6,4,0,1.0,False
B_no_component_costs,r2,cutoff_within_strategy,Balanced,Mean,Q3+IQR/2,10,-0.009782143286570177,0.0845633286704286,0.27746347466039767,-0.19218567846989498,0.13394768655743222,23.0,exact,0.6953125,4,6,0,1.0,False
B_no_component_costs,r2,cutoff_within_strategy,Balanced,Q3,Q3+IQR/2,10,-0.0018053439918605807,0.036806268938840814,0.20861617421259904,-0.13102628091890928,0.11292049509746573,26.0,exact,0.921875,4,6,0,1.0,False
B_no_component_costs,r2,cutoff_within_strategy,Aggressive,Mean,Q3,10,0.2355952090116892,0.2707608198784023,0.22971209928562916,0.0971483332150756,0.36491084617698044,4.0,exact,0.013671875,1,9,0,0.123046875,False
B_no_component_costs,r2,cutoff_within_strategy,Aggressive,Mean,Q3+IQR/2,10,0.19877813140912265,0.10718538271526792,0.3556743437341306,0.012964964371698865,0.42738580041957763,10.0,exact,0.083984375,2,8,0,0.671875,False
B_no_component_costs,r2,cutoff_within_strategy,Aggressive,Q3,Q3+IQR/2,10,-0.03681707760256654,-0.015368788801385064,0.4541845317700828,-0.2925028405818246,0.24298665044045065,23.0,exact,0.6953125,6,4,0,1.0,False
B_no_component_costs,mape_pct,strategy_within_cutoff,Mean,Conservative,Balanced,10,-1.5319182971806662,0.9387250476807782,8.622697550502833,-7.151086384439391,2.5520685531521337,22.0,exact,0.625,4,6,0,1.0,False
B_no_component_costs,mape_pct,strategy_within_cutoff,Mean,Conservative,Aggressive,10,-2.6617196947570942,0.3902089645087372,6.036921711100354,-6.442565414315315,0.5341608943247295,20.0,exact,0.4921875,5,5,0,1.0,False
B_no_component_costs,mape_pct,strategy_within_cutoff,Mean,Balanced,Aggressive,10,-1.129801397576428,-0.5840351108674149,4.706173471428693,-3.6688713964643176,1.8115625566934122,19.0,exact,0.431640625,7,3,0,1.0,False
B_no_component_costs,mape_pct,strategy_within_cutoff,Q3,Conservative,Balanced,10,-2.9829828278837947,-0.8971146036442796,4.599029829998634,-5.861405165261428,-0.5641046365246893,9.0,exact,0.064453125,8,2,0,0.451171875,False
B_no_component_costs,mape_pct,strategy_within_cutoff,Q3,Conservative,Aggressive,10,-7.422793010680555,-2.655836592537387,11.433098671229043,-14.78410151213546,-1.6131902300150298,4.0,exact,0.013671875,9,1,0,0.123046875,False
B_no_component_costs,mape_pct,strategy_within_cutoff,Q3,Balanced,Aggressive,10,-4.4398101827967595,-0.9057493075930605,8.191641774829225,-9.662742191497346,-0.09236997991582711,16.0,exact,0.275390625,6,4,0,1.0,False
B_no_component_costs,mape_pct,strategy_within_cutoff,Q3+IQR/2,Conservative,Balanced,10,-1.3945440117746735,-0.18804690994794981,7.879042614941309,-5.869687816953482,3.047146071305784,17.0,exact,0.322265625,7,3,0,1.0,False
B_no_component_costs,mape_pct,strategy_within_cutoff,Q3+IQR/2,Conservative,Aggressive,10,-2.3565966763626793,-0.4851077518597542,4.807262947393105,-5.562924399566544,-0.33667643399864206,6.0,exact,0.02734375,8,2,0,0.21875,False
B_no_component_costs,mape_pct,strategy_within_cutoff,Q3+IQR/2,Balanced,Aggressive,10,-0.9620526645880062,-0.19072124952523595,11.896860507050173,-8.65104171577911,5.282284533416595,23.0,exact,0.6953125,6,4,0,1.0,False
B_no_component_costs,mape_pct,cutoff_within_strategy,Conservative,Mean,Q3,10,0.8833709245909489,1.3080480019650231,4.149834526143667,-1.5075442081696688,3.3452118684800474,19.0,exact,0.431640625,4,6,0,1.0,False
B_no_component_costs,mape_pct,cutoff_within_strategy,Conservative,Mean,Q3+IQR/2,10,2.470551492522624,2.5818409609916806,2.0013211969704123,1.2641258746413395,3.6003651906170853,4.0,exact,0.013671875,2,8,0,0.123046875,False
B_no_component_costs,mape_pct,cutoff_within_strategy,Conservative,Q3,Q3+IQR/2,10,1.587180567931675,1.3871527927531613,3.550129108398183,-0.5649196659099222,3.559653891537694,14.0,exact,0.193359375,2,8,0,1.0,False
B_no_component_costs,mape_pct,cutoff_within_strategy,Balanced,Mean,Q3,10,-0.5676936061121797,-0.41935563717503044,5.396138003869467,-3.5155840895055603,2.7136174640003916,22.0,exact,0.625,5,5,0,1.0,False
B_no_component_costs,mape_pct,cutoff_within_strategy,Balanced,Mean,Q3+IQR/2,10,2.6079257779286165,0.4451370075429306,11.263433157353797,-3.415970221634302,9.810675336657164,24.0,exact,0.76953125,5,5,0,1.0,False
B_no_component_costs,mape_pct,cutoff_within_strategy,Balanced,Q3,Q3+IQR/2,10,3.1756193840407962,2.2803289106267517,8.691974191212495,-1.6630131848950636,8.598900699138506,18.0,exact,0.375,4,6,0,1.0,False
B_no_component_costs,mape_pct,cutoff_within_strategy,Aggressive,Mean,Q3,10,-3.8777023913325115,-2.363235599680033,6.777180675489343,-8.174293240797935,-0.14840208573176772,11.0,exact,0.10546875,7,3,0,0.84375,False
B_no_component_costs,mape_pct,cutoff_within_strategy,Aggressive,Mean,Q3+IQR/2,10,2.775674510917039,1.987684681204989,9.329857266663224,-2.703742139797318,8.419546745378266,19.0,exact,0.431640625,4,6,0,1.0,False
B_no_component_costs,mape_pct,cutoff_within_strategy,Aggressive,Q3,Q3+IQR/2,10,6.65337690224955,3.8590424268428425,14.32216737298696,-1.13972244256084,15.434694133905904,12.0,exact,0.130859375,3,7,0,0.916015625,False
B_no_component_costs,rmse,strategy_within_cutoff,Mean,Conservative,Balanced,10,2344.8935111800674,3074.219735773313,19660.351758980512,-10235.174478289582,13063.036203781923,16.0,exact,0.275390625,3,7,0,1.0,False
B_no_component_costs,rmse,strategy_within_cutoff,Mean,Conservative,Aggressive,10,-1180.2440908428675,438.0642111676898,9519.753344305416,-6986.383060088358,4084.5620805443614,27.0,exact,1.0,4,6,0,1.0,False
B_no_component_costs,rmse,strategy_within_cutoff,Mean,Balanced,Aggressive,10,-3525.137602022935,-4030.215572141624,15236.462882319465,-12580.914738711706,5339.801460360716,18.0,exact,0.375,7,3,0,1.0,False
B_no_component_costs,rmse,strategy_within_cutoff,Q3,Conservative,Balanced,10,-1784.5122784469343,2187.467990783065,12909.497857195209,-9910.768656672408,5153.755941218564,26.0,exact,0.921875,4,6,0,1.0,False
B_no_component_costs,rmse,strategy_within_cutoff,Q3,Conservative,Aggressive,10,-22905.919593868453,-16251.333891999824,19953.17358118438,-34873.64622092041,-11250.247444662813,2.0,exact,0.005859375,9,1,0,0.046875,True
B_no_component_costs,rmse,strategy_within_cutoff,Q3,Balanced,Aggressive,10,-21121.40731542152,-19686.473218024366,18459.1355056707,-31779.838066784807,-10718.948947936891,2.0,exact,0.005859375,9,1,0,0.046875,True
B_no_component_costs,rmse,strategy_within_cutoff,Q3+IQR/2,Conservative,Balanced,10,-2795.6581886817353,-451.9300085231225,13632.404202682734,-10929.544525191177,5059.899090502098,21.0,exact,0.556640625,6,4,0,1.0,False
B_no_component_costs,rmse,strategy_within_cutoff,Q3+IQR/2,Conservative,Aggressive,10,-17014.862338550436,-12080.217472047621,14147.105805344012,-25525.55347939291,-9014.70333834701,0.0,exact,0.001953125,10,0,0,0.017578125,True
B_no_component_costs,rmse,strategy_within_cutoff,Q3+IQR/2,Balanced,Aggressive,10,-14219.204149868703,-6758.082002131057,21012.96675569867,-27689.532690750373,-3295.3770375444974,7.0,exact,0.037109375,9,1,0,0.22265625,False
B_no_component_costs,rmse,cutoff_within_strategy,Conservative,Mean,Q3,10,3467.739688436154,4315.093469498821,6067.711206404283,-144.8142821112786,7034.037688776442,12.0,exact,0.130859375,3,7,0,0.916015625,False
B_no_component_costs,rmse,cutoff_within_strategy,Conservative,Mean,Q3+IQR/2,10,3346.9040422096177,4366.328493255984,6451.171964725709,-441.84101470820895,7186.168949189862,13.0,exact,0.16015625,4,6,0,0.9609375,False
B_no_component_costs,rmse,cutoff_within_strategy,Conservative,Q3,Q3+IQR/2,10,-120.83564622653648,1329.981448968636,5493.736811517472,-3774.778324746139,2724.360894449525,22.0,exact,0.625,4,6,0,1.0,False
B_no_component_costs,rmse,cutoff_within_strategy,Balanced,Mean,Q3,10,-661.6661011908473,1610.1326814955682,11698.739091809952,-7893.314571224616,5932.462298138594,26.0,exact,0.921875,4,6,0,1.0,False
B_no_component_costs,rmse,cutoff_within_strategy,Balanced,Mean,Q3+IQR/2,10,-1793.6476576521848,-9842.518491466872,21421.990505594524,-13093.785667149694,11629.451088080998,20.0,exact,0.4921875,6,4,0,1.0,False
B_no_component_costs,rmse,cutoff_within_strategy,Balanced,Q3,Q3+IQR/2,10,-1131.9815564613375,-3618.0693590247283,16571.11254996201,-10635.485698668894,8908.570378141856,25.0,exact,0.845703125,6,4,0,1.0,False
B_no_component_costs,rmse,cutoff_within_strategy,Aggressive,Mean,Q3,10,-18257.935814589433,-22137.6344320472,18207.26913184483,-28335.93983158209,-7054.124264467372,4.0,exact,0.013671875,9,1,0,0.123046875,False
B_no_component_costs,rmse,cutoff_within_strategy,Aggressive,Mean,Q3+IQR/2,10,-12487.714205497949,-10157.270062509033,19122.898182160123,-23761.58797128556,-949.2201674281326,10.0,exact,0.083984375,8,2,0,0.671875,False
B_no_component_costs,rmse,cutoff_within_strategy,Aggressive,Q3,Q3+IQR/2,10,5770.221609091481,1266.0242331892441,24999.03887100774,-8566.054402622043,20702.168457269076,21.0,exact,0.556640625,4,6,0,1.0,False
B_no_component_costs,rmse_q3,strategy_within_cutoff,Mean,Conservative,Balanced,10,8251.084827203604,6698.427095402487,26680.36446362079,-6507.83268429192,24504.494129281942,20.0,exact,0.4921875,4,6,0,1.0,False
B_no_component_costs,rmse_q3,strategy_within_cutoff,Mean,Conservative,Aggressive,10,3174.274465921787,2131.989055750004,12811.393518259043,-3741.934311649144,10992.117021034104,23.0,exact,0.6953125,5,5,0,1.0,False
B_no_component_costs,rmse_q3,strategy_within_cutoff,Mean,Balanced,Aggressive,10,-5076.810361281816,-3987.8506352442782,23881.352508141586,-19849.20499735751,8130.641887529277,22.0,exact,0.625,6,4,0,1.0,False
B_no_component_costs,rmse_q3,strategy_within_cutoff,Q3,Conservative,Balanced,10,2942.510465553646,6959.229272015458,18922.068604775122,-8530.63983391048,13041.14533753403,18.0,exact,0.375,3,7,0,1.0,False
B_no_component_costs,rmse_q3,strategy_within_cutoff,Q3,Conservative,Aggressive,10,-29093.33239852634,-25143.19931316938,28396.968869901895,-45440.451618862964,-12316.710989696054,5.0,exact,0.01953125,9,1,0,0.15625,False
B_no_component_costs,rmse_q3,strategy_within_cutoff,Q3,Balanced,Aggressive,10,-32035.84286407999,-27091.712278022213,38406.933216175086,-55415.2974707907,-10457.149415364644,7.0,exact,0.037109375,8,2,0,0.22265625,False
B_no_component_costs,rmse_q3,strategy_within_cutoff,Q3+IQR/2,Conservative,Balanced,10,-2899.2516733236575,-141.88181670233462,13709.654068246213,-10772.094415856607,5063.062036806033,21.0,exact,0.556640625,5,5,0,1.0,False
B_no_component_costs,rmse_q3,strategy_within_cutoff,Q3+IQR/2,Conservative,Aggressive,10,-35237.6558302309,-24284.970698527435,30411.069538237298,-53584.011305254855,-17960.23031651508,0.0,exact,0.001953125,10,0,0,0.017578125,True
B_no_component_costs,rmse_q3,strategy_within_cutoff,Q3+IQR/2,Balanced,Aggressive,10,-32338.40415690724,-27519.174185165655,34819.46423131008,-52786.43286625031,-12270.880648832606,5.0,exact,0.01953125,9,1,0,0.15625,False
B_no_component_costs,rmse_q3,cutoff_within_strategy,Conservative,Mean,Q3,10,3733.4111267212515,6364.912717327243,11014.431128840602,-3066.1096940806874,9793.630292662812,17.0,exact,0.322265625,3,7,0,1.0,False
B_no_component_costs,rmse_q3,cutoff_within_strategy,Conservative,Mean,Q3+IQR/2,10,1879.1056161307752,5438.775496698981,14775.502375790189,-7118.180870079022,10076.549180392316,23.0,exact,0.6953125,4,6,0,1.0,False
B_no_component_costs,rmse_q3,cutoff_within_strategy,Conservative,Q3,Q3+IQR/2,10,-1854.3055105904764,-1483.1639969533207,6989.375391394855,-6067.926121311587,2163.641191869675,20.0,exact,0.4921875,5,5,0,1.0,False
B_no_component_costs,rmse_q3,cutoff_within_strategy,Balanced,Mean,Q3,10,-1575.1632349287058,571.1763916729105,18022.115664311525,-13000.77705720836,7855.064039744947,27.0,exact,1.0,5,5,0,1.0,False
B_no_component_costs,rmse_q3,cutoff_within_strategy,Balanced,Mean,Q3+IQR/2,10,-9271.230884396484,-21608.1494988289,22569.74308133822,-22202.358138593438,4236.279488367978,12.0,exact,0.130859375,6,4,0,0.916015625,False
B_no_component_costs,rmse_q3,cutoff_within_strategy,Balanced,Q3,Q3+IQR/2,10,-7696.06764946778,-10148.957735405504,17879.47232611369,-17839.36453850279,3041.256363001025,15.0,exact,0.232421875,7,3,0,1.0,False
B_no_component_costs,rmse_q3,cutoff_within_strategy,Aggressive,Mean,Q3,10,-28534.195737726877,-33559.07914043648,35353.498848089264,-49081.321161005144,-7166.3475396622125,6.0,exact,0.02734375,8,2,0,0.21875,False
B_no_component_costs,rmse_q3,cutoff_within_strategy,Aggressive,Mean,Q3+IQR/2,10,-36532.824680021906,-37426.30125279629,32539.316735091707,-55712.10128018497,-17367.087279126445,3.0,exact,0.009765625,9,1,0,0.087890625,False
B_no_component_costs,rmse_q3,cutoff_within_strategy,Aggressive,Q3,Q3+IQR/2,10,-7998.628942295036,-3393.9028565223853,36893.12626337966,-28468.298391521286,14066.920597496883,19.0,exact,0.431640625,6,4,0,1.0,False
B_no_component_costs,rmse_q3_iqr2,strategy_within_cutoff,Mean,Conservative,Balanced,10,10006.745563658762,7657.512340461235,34278.14170377616,-9125.710851699125,31130.19547870318,20.0,exact,0.4921875,4,6,0,1.0,False
B_no_component_costs,rmse_q3_iqr2,strategy_within_cutoff,Mean,Conservative,Aggressive,10,3746.429761418882,1785.9656146537236,16700.062331633697,-5299.298966104255,14142.6973234879,24.0,exact,0.76953125,5,5,0,1.0,False
B_no_component_costs,rmse_q3_iqr2,strategy_within_cutoff,Mean,Balanced,Aggressive,10,-6260.31580223988,-6622.932207417773,30734.117211367397,-25265.281342874467,10775.398570289522,21.0,exact,0.556640625,7,3,0,1.0,False
B_no_component_costs,rmse_q3_iqr2,strategy_within_cutoff,Q3,Conservative,Balanced,10,4580.145058665489,9939.890342146813,24764.55752377283,-10673.036230046744,17918.266898900383,16.0,exact,0.275390625,2,8,0,1.0,False
B_no_component_costs,rmse_q3_iqr2,strategy_within_cutoff,Q3,Conservative,Aggressive,10,-38550.19958774051,-36825.72160099047,38476.99891412234,-60773.02300828571,-15622.039196859316,5.0,exact,0.01953125,9,1,0,0.15625,False
B_no_component_costs,rmse_q3_iqr2,strategy_within_cutoff,Q3,Balanced,Aggressive,10,-43130.344646405996,-41368.3943709934,52135.53486013022,-74575.34630421786,-13599.131864200563,8.0,exact,0.048828125,7,3,0,0.29296875,False
B_no_component_costs,rmse_q3_iqr2,strategy_within_cutoff,Q3+IQR/2,Conservative,Balanced,10,-4986.527830705006,-2303.849082751498,16874.67721635813,-14919.919034605446,5339.502992636944,17.0,exact,0.322265625,7,3,0,1.0,False
B_no_component_costs,rmse_q3_iqr2,strategy_within_cutoff,Q3+IQR/2,Conservative,Aggressive,10,-43348.84545317775,-27824.677246116808,37926.63412241379,-65608.57374159298,-21743.09093324357,0.0,exact,0.001953125,10,0,0,0.017578125,True
B_no_component_costs,rmse_q3_iqr2,strategy_within_cutoff,Q3+IQR/2,Balanced,Aggressive,10,-38362.31762247274,-26945.416772451375,43271.14692227795,-63907.45722542356,-13904.381833723022,5.0,exact,0.01953125,9,1,0,0.15625,False
B_no_component_costs,rmse_q3_iqr2,cutoff_within_strategy,Conservative,Mean,Q3,10,8777.937716085913,10536.126283177357,14705.079380285188,203.09415879828475,17527.29285641338,10.0,exact,0.083984375,3,7,0,0.587890625,False
B_no_component_costs,rmse_q3_iqr2,cutoff_within_strategy,Conservative,Mean,Q3+IQR/2,10,3675.2500171077363,6935.343410740759,18024.057008523374,-7212.511995684692,13720.070718050021,21.0,exact,0.556640625,3,7,0,1.0,False
B_no_component_costs,rmse_q3_iqr2,cutoff_within_strategy,Conservative,Q3,Q3+IQR/2,10,-5102.687698978177,-3248.3828399537015,10966.71781873961,-11943.7595258949,915.75621792087,17.0,exact,0.322265625,6,4,0,1.0,False
B_no_component_costs,rmse_q3_iqr2,cutoff_within_strategy,Balanced,Mean,Q3,10,3351.3372110926407,1575.4625842103487,24785.48211509849,-12118.818950884526,16895.018616576923,22.0,exact,0.625,4,6,0,1.0,False
B_no_component_costs,rmse_q3_iqr2,cutoff_within_strategy,Balanced,Mean,Q3+IQR/2,10,-11318.023377256031,-28084.86852148177,28668.548822937715,-27715.63621841776,6039.367576060672,13.0,exact,0.16015625,6,4,0,0.80078125,False
B_no_component_costs,rmse_q3_iqr2,cutoff_within_strategy,Balanced,Q3,Q3+IQR/2,10,-14669.360588348674,-19752.18526654995,21296.758676697846,-26414.216134509432,-1754.7573390678533,10.0,exact,0.083984375,8,2,0,0.587890625,False
B_no_component_costs,rmse_q3_iqr2,cutoff_within_strategy,Aggressive,Mean,Q3,10,-33518.691633073475,-40556.86180797225,49387.85373737257,-61773.253643313794,-4578.569273906774,9.0,exact,0.064453125,8,2,0,0.515625,False
B_no_component_costs,rmse_q3_iqr2,cutoff_within_strategy,Aggressive,Mean,Q3+IQR/2,10,-43420.0251974889,-46878.781341776084,39076.31191254421,-65960.97249334038,-20718.65505832709,3.0,exact,0.009765625,9,1,0,0.087890625,False
B_no_component_costs,rmse_q3_iqr2,cutoff_within_strategy,Aggressive,Q3,Q3+IQR/2,10,-9901.33356441542,385.7933103221512,52050.39751711976,-40822.30192742389,20399.73081872058,23.0,exact,0.6953125,5,5,0,1.0,False
C_physical_quantity,r2,strategy_within_cutoff,Mean,Conservative,Balanced,10,-0.08335458507306368,-0.08763587930561229,0.07709949665731429,-0.12864220111668606,-0.03813756020007015,3.0,exact,0.009765625,8,2,0,0.087890625,False
C_physical_quantity,r2,strategy_within_cutoff,Mean,Conservative,Aggressive,10,0.014069766481262203,0.0005706517575288506,0.0961866928571354,-0.03878667380174189,0.07333254384733714,25.0,exact,0.845703125,5,5,0,0.845703125,False
C_physical_quantity,r2,strategy_within_cutoff,Mean,Balanced,Aggressive,10,0.09742435155432586,0.11074031926067313,0.1246516720736563,0.021779963113353295,0.1701977156822878,7.0,exact,0.037109375,2,8,0,0.185546875,False
C_physical_quantity,r2,strategy_within_cutoff,Q3,Conservative,Balanced,10,0.05212624032128438,0.026281990099637498,0.11100083566097288,-0.00864930574496892,0.1201183388292741,13.0,exact,0.16015625,2,8,0,0.48046875,False
C_physical_quantity,r2,strategy_within_cutoff,Q3,Conservative,Aggressive,10,0.2983719801547193,0.2421807419676262,0.3436207750905371,0.12546346517944995,0.5215623185331201,3.0,exact,0.009765625,2,8,0,0.087890625,False
C_physical_quantity,r2,strategy_within_cutoff,Q3,Balanced,Aggressive,10,0.24624573983343492,0.17302081865476016,0.3334580371351218,0.08477498804127809,0.4655813872898072,3.0,exact,0.009765625,2,8,0,0.087890625,False
C_physical_quantity,r2,strategy_within_cutoff,Q3+IQR/2,Conservative,Balanced,10,0.03309545569001804,0.013945024010141471,0.05920991619865937,0.0016927774430614687,0.07127553074222495,14.0,exact,0.193359375,4,6,0,0.48046875,False
C_physical_quantity,r2,strategy_within_cutoff,Q3+IQR/2,Conservative,Aggressive,10,0.199407770669152,0.13552193369947663,0.20014090493078554,0.08482826037034287,0.3175721368149323,4.0,exact,0.013671875,1,9,0,0.087890625,False
C_physical_quantity,r2,strategy_within_cutoff,Q3+IQR/2,Balanced,Aggressive,10,0.16631231497913398,0.11356221523439314,0.21436413635954227,0.041916455992499116,0.29100065059313107,9.0,exact,0.064453125,2,8,0,0.2578125,False
C_physical_quantity,r2,cutoff_within_strategy,Conservative,Mean,Q3,10,-0.05278041552040528,-0.05730681867533538,0.10322490299987547,-0.1110765227991062,0.009421672528177294,13.0,exact,0.16015625,7,3,0,0.80078125,False
C_physical_quantity,r2,cutoff_within_strategy,Conservative,Mean,Q3+IQR/2,10,-0.09907627596049959,-0.12621756928567945,0.07697002557320419,-0.13960156017161784,-0.05000573722234262,3.0,exact,0.009765625,8,2,0,0.087890625,False
C_physical_quantity,r2,cutoff_within_strategy,Conservative,Q3,Q3+IQR/2,10,-0.0462958604400943,-0.03844526105190876,0.06601327553469934,-0.087577858033923,-0.010381074274377152,10.0,exact,0.083984375,7,3,0,0.587890625,False
C_physical_quantity,r2,cutoff_within_strategy,Balanced,Mean,Q3,10,0.08270040987394277,0.06830137477025672,0.13968275037153163,0.01080268907099838,0.17264251997097177,11.0,exact,0.10546875,3,7,0,0.6328125,False
C_physical_quantity,r2,cutoff_within_strategy,Balanced,Mean,Q3+IQR/2,10,0.017373764802582126,0.03042901498533801,0.08204520347666588,-0.03266983330163389,0.06327931568737634,21.0,exact,0.556640625,4,6,0,0.984375,False
C_physical_quantity,r2,cutoff_within_strategy,Balanced,Q3,Q3+IQR/2,10,-0.06532664507136064,-0.029046131069733194,0.14830379310349062,-0.1572024046663431,0.016491949966398124,16.0,exact,0.275390625,6,4,0,0.9296875,False
C_physical_quantity,r2,cutoff_within_strategy,Aggressive,Mean,Q3,10,0.23152179815305182,0.1817565091360278,0.2946154596888692,0.07980436952131173,0.42334312590284845,4.0,exact,0.013671875,2,8,0,0.109375,False
C_physical_quantity,r2,cutoff_within_strategy,Aggressive,Mean,Q3+IQR/2,10,0.08626172822739024,-0.0013082209862276817,0.21246796611810706,-0.03557129488535095,0.21203906523283464,20.0,exact,0.4921875,5,5,0,0.984375,False
C_physical_quantity,r2,cutoff_within_strategy,Aggressive,Q3,Q3+IQR/2,10,-0.14526006992566162,-0.10936315909666156,0.3988604159408019,-0.3929687039718067,0.06931205260892317,15.0,exact,0.232421875,7,3,0,0.9296875,False
C_physical_quantity,mape_pct,strategy_within_cutoff,Mean,Conservative,Balanced,10,3.0411509719393672,3.139119285165272,3.197446105519442,1.098805846888305,4.919338847747978,8.0,exact,0.048828125,1,9,0,0.29296875,False
C_physical_quantity,mape_pct,strategy_within_cutoff,Mean,Conservative,Aggressive,10,-2.7162425166435944,-0.5234206743808656,6.775025361534275,-6.895812152116522,0.9943569462164739,17.0,exact,0.322265625,5,5,0,0.966796875,False
C_physical_quantity,mape_pct,strategy_within_cutoff,Mean,Balanced,Aggressive,10,-5.757393488582961,-3.4796766148185014,6.679008151416319,-9.788092997967867,-2.090885585891014,3.0,exact,0.009765625,8,2,0,0.087890625,False
C_physical_quantity,mape_pct,strategy_within_cutoff,Q3,Conservative,Balanced,10,-4.04263980713261,-1.853240688819218,5.111578102321205,-7.157764139923891,-1.217838278359763,7.0,exact,0.037109375,7,3,0,0.259765625,False
C_physical_quantity,mape_pct,strategy_within_cutoff,Q3,Conservative,Aggressive,10,-5.944946246955405,-1.5615618186939582,10.726111770669535,-12.978206369270518,-0.7557367203793012,10.0,exact,0.083984375,7,3,0,0.419921875,False
C_physical_quantity,mape_pct,strategy_within_cutoff,Q3,Balanced,Aggressive,10,-1.9023064398227951,-0.2694386140819667,7.379236337044423,-6.794177783250721,1.7229098680715151,21.0,exact,0.556640625,6,4,0,1.0,False
C_physical_quantity,mape_pct,strategy_within_cutoff,Q3+IQR/2,Conservative,Balanced,10,-1.1499156825569123,0.008392223750023575,3.3159710988233475,-3.3578993754373454,0.24639628310999168,22.0,exact,0.625,5,5,0,1.0,False
C_physical_quantity,mape_pct,strategy_within_cutoff,Q3+IQR/2,Conservative,Aggressive,10,-2.1430053655640946,-2.0102462088648334,1.895400293513748,-3.2181847774724868,-1.0139678833287544,3.0,exact,0.009765625,9,1,0,0.087890625,False
C_physical_quantity,mape_pct,strategy_within_cutoff,Q3+IQR/2,Balanced,Aggressive,10,-0.9930896830071824,-2.386535434940141,3.849273557633203,-2.9025684309274378,1.4820197285329575,15.0,exact,0.232421875,7,3,0,0.9296875,False
C_physical_quantity,mape_pct,cutoff_within_strategy,Conservative,Mean,Q3,10,3.1769985750059258,2.725201037640108,3.650010208234807,1.1472228315910944,5.3949731678189705,9.0,exact,0.064453125,3,7,0,0.451171875,False
C_physical_quantity,mape_pct,cutoff_within_strategy,Conservative,Mean,Q3+IQR/2,10,5.824027886765956,4.379462592397072,5.680728282285236,2.637196000135329,9.253458779867653,2.0,exact,0.005859375,1,9,0,0.052734375,False
C_physical_quantity,mape_pct,cutoff_within_strategy,Conservative,Q3,Q3+IQR/2,10,2.6470293117600296,0.8878960451289473,5.671535348576671,-0.3870353397407857,6.269866424463075,16.0,exact,0.275390625,3,7,0,0.826171875,False
C_physical_quantity,mape_pct,cutoff_within_strategy,Balanced,Mean,Q3,10,-3.9067922040660505,-2.4813019120766544,6.511770750609223,-7.937029880329102,-0.3603510282165129,10.0,exact,0.083984375,8,2,0,0.50390625,False
C_physical_quantity,mape_pct,cutoff_within_strategy,Balanced,Mean,Q3+IQR/2,10,1.632961232269676,1.082242283954125,5.636980272523165,-1.5462906797357476,5.096387403379493,20.0,exact,0.4921875,4,6,0,0.984375,False
C_physical_quantity,mape_pct,cutoff_within_strategy,Balanced,Q3,Q3+IQR/2,10,5.539753436335726,2.4677223583781522,8.765497179228484,1.0669662094035173,11.156084248354595,7.0,exact,0.037109375,3,7,0,0.296875,False
C_physical_quantity,mape_pct,cutoff_within_strategy,Aggressive,Mean,Q3,10,-0.05170515530588453,-1.08669352554789,6.9083814723421835,-4.113994286512883,3.900713417536504,26.0,exact,0.921875,6,4,0,0.984375,False
C_physical_quantity,mape_pct,cutoff_within_strategy,Aggressive,Mean,Q3+IQR/2,10,6.397265037845456,5.22895776956147,9.133903851561966,1.175361168799867,11.859560136756679,10.0,exact,0.083984375,3,7,0,0.50390625,False
C_physical_quantity,mape_pct,cutoff_within_strategy,Aggressive,Q3,Q3+IQR/2,10,6.4489701931513395,1.3044502093398815,11.45210089419756,0.43421393475816095,13.923784686579356,12.0,exact,0.130859375,3,7,0,0.5234375,False
C_physical_quantity,rmse,strategy_within_cutoff,Mean,Conservative,Balanced,10,8792.521314385302,7469.984026294267,8770.25953557957,3899.8698030673736,14142.084105598537,3.0,exact,0.009765625,2,8,0,0.087890625,False
C_physical_quantity,rmse,strategy_within_cutoff,Mean,Conservative,Aggressive,10,161.85995454273944,39.53401848175781,7945.200103605965,-4498.5638298444455,4834.211547595603,27.0,exact,1.0,5,5,0,1.0,False
C_physical_quantity,rmse,strategy_within_cutoff,Mean,Balanced,Aggressive,10,-8630.661359842561,-11157.076918829582,11533.14860589326,-15047.308778537907,-1425.1555431018844,8.0,exact,0.048828125,8,2,0,0.244140625,False
C_physical_quantity,rmse,strategy_within_cutoff,Q3,Conservative,Balanced,10,-3351.8288301597677,-3123.2635341104724,9443.953142304275,-8733.95778554418,2407.9120269240025,14.0,exact,0.193359375,8,2,0,0.580078125,False
C_physical_quantity,rmse,strategy_within_cutoff,Q3,Conservative,Aggressive,10,-22027.100562487012,-18347.00906149343,23531.16850728306,-36809.96804082927,-9372.346312210966,3.0,exact,0.009765625,8,2,0,0.087890625,False
C_physical_quantity,rmse,strategy_within_cutoff,Q3,Balanced,Aggressive,10,-18675.271732327245,-11312.772509073715,21379.3520205952,-32319.244362315858,-7769.219739799845,3.0,exact,0.009765625,8,2,0,0.087890625,False
C_physical_quantity,rmse,strategy_within_cutoff,Q3+IQR/2,Conservative,Balanced,10,-2914.4501281589555,-1300.2748665692707,5552.140918619647,-6358.111887165374,45.3969010516049,14.0,exact,0.193359375,6,4,0,0.580078125,False
C_physical_quantity,rmse,strategy_within_cutoff,Q3+IQR/2,Conservative,Aggressive,10,-17529.30986103967,-12223.697890945405,17681.503305027705,-28133.68719902153,-7433.705433036479,4.0,exact,0.013671875,9,1,0,0.087890625,False
C_physical_quantity,rmse,strategy_within_cutoff,Q3+IQR/2,Balanced,Aggressive,10,-14614.859732880714,-11202.048016339999,19075.05732267151,-26051.910867678725,-3773.421270726918,8.0,exact,0.048828125,8,2,0,0.244140625,False
C_physical_quantity,rmse,cutoff_within_strategy,Conservative,Mean,Q3,10,5975.26759014156,6460.603574386059,9617.91256044032,143.9709282129544,11361.833785578669,10.0,exact,0.083984375,3,7,0,0.587890625,False
C_physical_quantity,rmse,cutoff_within_strategy,Conservative,Mean,Q3+IQR/2,10,10375.883603398528,13454.089851109915,7896.528636020243,5268.96757383323,14496.718657265621,3.0,exact,0.009765625,2,8,0,0.087890625,False
C_physical_quantity,rmse,cutoff_within_strategy,Conservative,Q3,Q3+IQR/2,10,4400.616013256969,4365.426913333493,5873.80168614526,996.0290458803979,7916.511013773683,10.0,exact,0.083984375,3,7,0,0.587890625,False
C_physical_quantity,rmse,cutoff_within_strategy,Balanced,Mean,Q3,10,-6169.082554403509,-6209.619991749747,10251.39094450837,-12188.652556969013,-249.4560772501794,11.0,exact,0.10546875,7,3,0,0.587890625,False
C_physical_quantity,rmse,cutoff_within_strategy,Balanced,Mean,Q3+IQR/2,10,-1331.0878391457277,-3477.4715273296206,9071.479176852195,-6214.403777906265,4189.332406556486,22.0,exact,0.625,6,4,0,0.826171875,False
C_physical_quantity,rmse,cutoff_within_strategy,Balanced,Q3,Q3+IQR/2,10,4837.9947152577815,3443.0165279072353,12388.486427455282,-2366.949374968953,12125.899999985966,16.0,exact,0.275390625,4,6,0,0.826171875,False
C_physical_quantity,rmse,cutoff_within_strategy,Aggressive,Mean,Q3,10,-16213.692926888194,-15642.473557269146,19422.130621027267,-27871.159334735665,-4838.725710920308,6.0,exact,0.02734375,8,2,0,0.21875,False
C_physical_quantity,rmse,cutoff_within_strategy,Aggressive,Mean,Q3+IQR/2,10,-7315.286212183879,-1177.1643203142412,18142.542172965273,-18119.73577578973,3093.461161397497,18.0,exact,0.375,5,5,0,0.826171875,False
C_physical_quantity,rmse,cutoff_within_strategy,Aggressive,Q3,Q3+IQR/2,10,8898.406714704315,8358.839855436763,28386.56468736579,-7901.7649529902255,26087.541628590487,14.0,exact,0.193359375,3,7,0,0.7734375,False
C_physical_quantity,rmse_q3,strategy_within_cutoff,Mean,Conservative,Balanced,10,10934.804233951636,12739.036207359248,20354.3854318018,-811.2557701934112,22981.882567230747,13.0,exact,0.16015625,3,7,0,0.654296875,False
C_physical_quantity,rmse_q3,strategy_within_cutoff,Mean,Conservative,Aggressive,10,9606.039561971169,8029.281152266685,16901.43900944013,-277.94115743654197,19724.550950479992,12.0,exact,0.130859375,3,7,0,0.654296875,False
C_physical_quantity,rmse_q3,strategy_within_cutoff,Mean,Balanced,Aggressive,10,-1328.7646719804682,1536.6371049185036,22739.05628069494,-14962.823380651958,11876.19760935502,26.0,exact,0.921875,5,5,0,1.0,False
C_physical_quantity,rmse_q3,strategy_within_cutoff,Q3,Conservative,Balanced,10,3484.544019961578,-1090.9814340964513,15898.828388846314,-5656.298154428208,13012.8361393012,23.0,exact,0.6953125,6,4,0,1.0,False
C_physical_quantity,rmse_q3,strategy_within_cutoff,Q3,Conservative,Aggressive,10,-38653.063878203466,-40494.27342164226,35873.39535627993,-59082.229838722924,-17237.69104629436,4.0,exact,0.013671875,8,2,0,0.109375,False
C_physical_quantity,rmse_q3,strategy_within_cutoff,Q3,Balanced,Aggressive,10,-42137.60789816505,-33756.96976329021,38593.763129471445,-65147.262450224094,-20679.469576130177,3.0,exact,0.009765625,8,2,0,0.087890625,False
C_physical_quantity,rmse_q3,strategy_within_cutoff,Q3+IQR/2,Conservative,Balanced,10,-5098.090023105685,-2986.3561962928798,8781.552773073565,-10320.29874543385,-152.24169377272045,12.0,exact,0.130859375,7,3,0,0.654296875,False
C_physical_quantity,rmse_q3,strategy_within_cutoff,Q3+IQR/2,Conservative,Aggressive,10,-34784.21909184767,-24376.865663510835,36183.208417633025,-56405.39859499183,-14180.684367823564,4.0,exact,0.013671875,9,1,0,0.109375,False
C_physical_quantity,rmse_q3,strategy_within_cutoff,Q3+IQR/2,Balanced,Aggressive,10,-29686.129068741982,-21187.735438707212,36771.02297336067,-51665.006122309765,-8886.85551864828,7.0,exact,0.037109375,8,2,0,0.22265625,False
C_physical_quantity,rmse_q3,cutoff_within_strategy,Conservative,Mean,Q3,10,6948.268006498203,8693.037968460449,17330.522920834024,-3561.6754333765007,16809.86090305155,15.0,exact,0.232421875,3,7,0,1.0,False
C_physical_quantity,rmse_q3,cutoff_within_strategy,Conservative,Mean,Q3+IQR/2,10,8677.133288482833,17328.874433234232,18222.768465187793,-2575.5665945888827,18470.691175486907,13.0,exact,0.16015625,3,7,0,1.0,False
C_physical_quantity,rmse_q3,cutoff_within_strategy,Conservative,Q3,Q3+IQR/2,10,1728.865281984629,1693.8055550216668,9814.009187150112,-4091.4578806516693,7468.066446452199,22.0,exact,0.625,5,5,0,1.0,False
C_physical_quantity,rmse_q3,cutoff_within_strategy,Balanced,Mean,Q3,10,-501.99220749185406,2269.4528625231214,20256.524707854278,-12287.678043990816,11379.22877906926,27.0,exact,1.0,4,6,0,1.0,False
C_physical_quantity,rmse_q3,cutoff_within_strategy,Balanced,Mean,Q3+IQR/2,10,-7355.760968574488,-8134.1745529771,17806.796955891154,-16905.599002889416,3862.257033133154,15.0,exact,0.232421875,8,2,0,1.0,False
C_physical_quantity,rmse_q3,cutoff_within_strategy,Balanced,Q3,Q3+IQR/2,10,-6853.768761082634,-4019.671782030764,19070.253690714726,-18304.62969681841,4035.0988724076346,18.0,exact,0.375,7,3,0,1.0,False
C_physical_quantity,rmse_q3,cutoff_within_strategy,Aggressive,Mean,Q3,10,-41310.83543367644,-48701.07326637217,41476.03171787982,-65103.161350486516,-16626.830232813354,5.0,exact,0.01953125,8,2,0,0.17578125,False
C_physical_quantity,rmse_q3,cutoff_within_strategy,Aggressive,Mean,Q3+IQR/2,10,-35713.125365336,-38692.52603167926,39133.017230975165,-58203.28183370618,-12876.392988703168,6.0,exact,0.02734375,8,2,0,0.21875,False
C_physical_quantity,rmse_q3,cutoff_within_strategy,Aggressive,Q3,Q3+IQR/2,10,5597.710068340433,6287.798628636767,45835.4530440891,-22478.55260648621,31223.02362120612,23.0,exact,0.6953125,5,5,0,1.0,False
C_physical_quantity,rmse_q3_iqr2,strategy_within_cutoff,Mean,Conservative,Balanced,10,11260.690797308358,13755.80100071161,28935.41125843555,-5310.4187750525025,27945.931508235124,16.0,exact,0.275390625,3,7,0,0.826171875,False
C_physical_quantity,rmse_q3_iqr2,strategy_within_cutoff,Mean,Conservative,Aggressive,10,10863.6876786182,10458.263836440761,21510.91421498839,-1847.3682117617736,23268.667210582014,12.0,exact,0.130859375,3,7,0,0.5234375,False
C_physical_quantity,rmse_q3_iqr2,strategy_within_cutoff,Mean,Balanced,Aggressive,10,-397.0031186901571,3390.82975576643,29799.234368694666,-18009.342436517247,16904.147451247743,26.0,exact,0.921875,5,5,0,0.921875,False
C_physical_quantity,rmse_q3_iqr2,strategy_within_cutoff,Q3,Conservative,Balanced,10,5864.9725839664525,4939.374665947245,20550.778744238996,-6158.958357983242,18237.664896155387,19.0,exact,0.431640625,4,6,0,0.86328125,False
C_physical_quantity,rmse_q3_iqr2,strategy_within_cutoff,Q3,Conservative,Aggressive,10,-52027.501410799225,-57304.078354588004,45171.031639024906,-78158.74095919258,-25132.26864476556,4.0,exact,0.013671875,8,2,0,0.109375,False
C_physical_quantity,rmse_q3_iqr2,strategy_within_cutoff,Q3,Balanced,Aggressive,10,-57892.47399476568,-56411.77920189994,44121.96212679692,-84431.72700655904,-32098.878617595066,1.0,exact,0.00390625,9,1,0,0.03515625,True
C_physical_quantity,rmse_q3_iqr2,strategy_within_cutoff,Q3+IQR/2,Conservative,Balanced,10,-7214.356728706334,-4879.548267715232,11287.97409742789,-14034.889730508483,-786.3953575649564,10.0,exact,0.083984375,8,2,0,0.419921875,False
C_physical_quantity,rmse_q3_iqr2,strategy_within_cutoff,Q3+IQR/2,Conservative,Aggressive,10,-43611.03577254657,-30818.85831620599,46247.4339079185,-70986.17921354195,-16877.759738700715,4.0,exact,0.013671875,9,1,0,0.109375,False
C_physical_quantity,rmse_q3_iqr2,strategy_within_cutoff,Q3+IQR/2,Balanced,Aggressive,10,-36396.67904384024,-21131.829670288513,46367.946958602326,-65444.05821041148,-10320.007883584682,8.0,exact,0.048828125,8,2,0,0.29296875,False
C_physical_quantity,rmse_q3_iqr2,cutoff_within_strategy,Conservative,Mean,Q3,10,10477.414323926972,13012.498392987261,22445.87958786562,-3223.9902132778498,23085.134002676295,13.0,exact,0.16015625,3,7,0,0.9609375,False
C_physical_quantity,rmse_q3_iqr2,cutoff_within_strategy,Conservative,Mean,Q3+IQR/2,10,9642.465153191491,23294.46700595476,24874.328558975925,-5739.013052645914,23112.8855351549,18.0,exact,0.375,3,7,0,1.0,False
C_physical_quantity,rmse_q3_iqr2,cutoff_within_strategy,Conservative,Q3,Q3+IQR/2,10,-834.9491707354813,703.7952077708505,13681.069918508047,-9238.801473894215,6916.86247497214,27.0,exact,1.0,5,5,0,1.0,False
C_physical_quantity,rmse_q3_iqr2,cutoff_within_strategy,Balanced,Mean,Q3,10,5081.696110585068,3442.029568250491,25922.980410410328,-10375.661509579524,19762.436862338003,21.0,exact,0.556640625,4,6,0,1.0,False
C_physical_quantity,rmse_q3_iqr2,cutoff_within_strategy,Balanced,Mean,Q3+IQR/2,10,-8832.5823728232,-11682.442010857209,23245.976804117978,-21375.91993169306,5781.815884051857,17.0,exact,0.322265625,8,2,0,1.0,False
C_physical_quantity,rmse_q3_iqr2,cutoff_within_strategy,Balanced,Q3,Q3+IQR/2,10,-13914.27848340827,-10062.465651454535,19554.296605992407,-26233.540724261624,-3117.617394052284,10.0,exact,0.083984375,7,3,0,0.587890625,False
C_physical_quantity,rmse_q3_iqr2,cutoff_within_strategy,Aggressive,Mean,Q3,10,-52413.774765490445,-61095.58182085909,54105.64341411404,-83093.97181193864,-19459.681456530037,6.0,exact,0.02734375,7,3,0,0.24609375,False
C_physical_quantity,rmse_q3_iqr2,cutoff_within_strategy,Aggressive,Mean,Q3+IQR/2,10,-44832.258297973276,-50193.167978657766,49471.09649070098,-73466.65319716075,-15491.147205725352,7.0,exact,0.037109375,8,2,0,0.296875,False
C_physical_quantity,rmse_q3_iqr2,cutoff_within_strategy,Aggressive,Q3,Q3+IQR/2,10,7581.516467517171,8559.559044860296,58519.87376065525,-28083.303512243132,39843.41560426744,21.0,exact,0.556640625,4,6,0,1.0,False
