seed,split_id,feature_set,train_index_hash,test_index_hash,row_index,partition
46,seed_46,C_physical_quantity,f9cfd6983a0b656d566c45e49a43f7fefb1892ddb865b6160cc1c399ba414ea0,366561bc4e5c83c690827e0e5ba276acd41e534e0619a40d66447ecee81fdebb,157,train
46,seed_46,C_physical_quantity,f9cfd6983a0b656d566c45e49a43f7fefb1892ddb865b6160cc1c399ba414ea0,366561bc4e5c83c690827e0e5ba276acd41e534e0619a40d66447ecee81fdebb,366,train
46,seed_46,C_physical_quantity,f9cfd6983a0b656d566c45e49a43f7fefb1892ddb865b6160cc1c399ba414ea0,366561bc4e5c83c690827e0e5ba276acd41e534e0619a40d66447ecee81fdebb,65,train
46,seed_46,C_physical_quantity,f9cfd6983a0b656d566c45e49a43f7fefb1892ddb865b6160cc1c399ba414ea0,366561bc4e5c83c690827e0e5ba276acd41e534e0619a40d66447ecee81fdebb,180,train
46,seed_46,C_physical_quantity,f9cfd6983a0b656d566c45e49a43f7fefb1892ddb865b6160cc1c399ba414ea0,366561bc4e5c83c690827e0e5ba276acd41e534e0619a40d66447ecee81fdebb,379,train
46,seed_46,C_physical_quantity,f9cfd6983a0b656d566c45e49a43f7fefb1892ddb865b6160cc1c399ba414ea0,366561bc4e5c83c690827e0e5ba276acd41e534e0619a40d66447ecee81fdebb,295,train
46,seed_46,C_physical_quantity,f9cfd6983a0b656d566c45e49a43f7fefb1892ddb865b6160cc1c399ba414ea0,366561bc4e5c83c690827e0e5ba276acd41e534e0619a40d66447ecee81fdebb,293,train
46,seed_46,C_physical_quantity,f9cfd6983a0b656d566c45e49a43f7fefb1892ddb865b6160cc1c399ba414ea0,366561bc4e5c83c690827e0e5ba276acd41e534e0619a40d66447ecee81fdebb,315,train
46,seed_46,C_physical_quantity,f9cfd6983a0b656d566c45e49a43f7fefb1892ddb865b6160cc1c399ba414ea0,366561bc4e5c83c690827e0e5ba276acd41e534e0619a40d66447ecee81fdebb,116,train
46,seed_46,C_physical_quantity,f9cfd6983a0b656d566c45e49a43f7fefb1892ddb865b6160cc1c399ba414ea0,366561bc4e5c83c690827e0e5ba276acd41e534e0619a40d66447ecee81fdebb,340,train
46,seed_46,C_physical_quantity,f9cfd6983a0b656d566c45e49a43f7fefb1892ddb865b6160cc1c399ba414ea0,366561bc4e5c83c690827e0e5ba276acd41e534e0619a40d66447ecee81fdebb,78,train
46,seed_46,C_physical_quantity,f9cfd6983a0b656d566c45e49a43f7fefb1892ddb865b6160cc1c399ba414ea0,366561bc4e5c83c690827e0e5ba276acd41e534e0619a40d66447ecee81fdebb,26,train
46,seed_46,C_physical_quantity,f9cfd6983a0b656d566c45e49a43f7fefb1892ddb865b6160cc1c399ba414ea0,366561bc4e5c83c690827e0e5ba276acd41e534e0619a40d66447ecee81fdebb,351,train
46,seed_46,C_physical_quantity,f9cfd6983a0b656d566c45e49a43f7fefb1892ddb865b6160cc1c399ba414ea0,366561bc4e5c83c690827e0e5ba276acd41e534e0619a40d66447ecee81fdebb,219,train
46,seed_46,C_physical_quantity,f9cfd6983a0b656d566c45e49a43f7fefb1892ddb865b6160cc1c399ba414ea0,366561bc4e5c83c690827e0e5ba276acd41e534e0619a40d66447ecee81fdebb,171,train
46,seed_46,C_physical_quantity,f9cfd6983a0b656d566c45e49a43f7fefb1892ddb865b6160cc1c399ba414ea0,366561bc4e5c83c690827e0e5ba276acd41e534e0619a40d66447ecee81fdebb,391,train
46,seed_46,C_physical_quantity,f9cfd6983a0b656d566c45e49a43f7fefb1892ddb865b6160cc1c399ba414ea0,366561bc4e5c83c690827e0e5ba276acd41e534e0619a40d66447ecee81fdebb,51,train
46,seed_46,C_physical_quantity,f9cfd6983a0b656d566c45e49a43f7fefb1892ddb865b6160cc1c399ba414ea0,366561bc4e5c83c690827e0e5ba276acd41e534e0619a40d66447ecee81fdebb,267,train
46,seed_46,C_physical_quantity,f9cfd6983a0b656d566c45e49a43f7fefb1892ddb865b6160cc1c399ba414ea0,366561bc4e5c83c690827e0e5ba276acd41e534e0619a40d66447ecee81fdebb,251,train
46,seed_46,C_physical_quantity,f9cfd6983a0b656d566c45e49a43f7fefb1892ddb865b6160cc1c399ba414ea0,366561bc4e5c83c690827e0e5ba276acd41e534e0619a40d66447ecee81fdebb,409,train
46,seed_46,C_physical_quantity,f9cfd6983a0b656d566c45e49a43f7fefb1892ddb865b6160cc1c399ba414ea0,366561bc4e5c83c690827e0e5ba276acd41e534e0619a40d66447ecee81fdebb,247,train
46,seed_46,C_physical_quantity,f9cfd6983a0b656d566c45e49a43f7fefb1892ddb865b6160cc1c399ba414ea0,366561bc4e5c83c690827e0e5ba276acd41e534e0619a40d66447ecee81fdebb,243,train
46,seed_46,C_physical_quantity,f9cfd6983a0b656d566c45e49a43f7fefb1892ddb865b6160cc1c399ba414ea0,366561bc4e5c83c690827e0e5ba276acd41e534e0619a40d66447ecee81fdebb,396,train
46,seed_46,C_physical_quantity,f9cfd6983a0b656d566c45e49a43f7fefb1892ddb865b6160cc1c399ba414ea0,366561bc4e5c83c690827e0e5ba276acd41e534e0619a40d66447ecee81fdebb,207,train
46,seed_46,C_physical_quantity,f9cfd6983a0b656d566c45e49a43f7fefb1892ddb865b6160cc1c399ba414ea0,366561bc4e5c83c690827e0e5ba276acd41e534e0619a40d66447ecee81fdebb,183,train
46,seed_46,C_physical_quantity,f9cfd6983a0b656d566c45e49a43f7fefb1892ddb865b6160cc1c399ba414ea0,366561bc4e5c83c690827e0e5ba276acd41e534e0619a40d66447ecee81fdebb,221,train
46,seed_46,C_physical_quantity,f9cfd6983a0b656d566c45e49a43f7fefb1892ddb865b6160cc1c399ba414ea0,366561bc4e5c83c690827e0e5ba276acd41e534e0619a40d66447ecee81fdebb,359,train
46,seed_46,C_physical_quantity,f9cfd6983a0b656d566c45e49a43f7fefb1892ddb865b6160cc1c399ba414ea0,366561bc4e5c83c690827e0e5ba276acd41e534e0619a40d66447ecee81fdebb,268,train
46,seed_46,C_physical_quantity,f9cfd6983a0b656d566c45e49a43f7fefb1892ddb865b6160cc1c399ba414ea0,366561bc4e5c83c690827e0e5ba276acd41e534e0619a40d66447ecee81fdebb,3,train
46,seed_46,C_physical_quantity,f9cfd6983a0b656d566c45e49a43f7fefb1892ddb865b6160cc1c399ba414ea0,366561bc4e5c83c690827e0e5ba276acd41e534e0619a40d66447ecee81fdebb,66,train
46,seed_46,C_physical_quantity,f9cfd6983a0b656d566c45e49a43f7fefb1892ddb865b6160cc1c399ba414ea0,366561bc4e5c83c690827e0e5ba276acd41e534e0619a40d66447ecee81fdebb,1,train
46,seed_46,C_physical_quantity,f9cfd6983a0b656d566c45e49a43f7fefb1892ddb865b6160cc1c399ba414ea0,366561bc4e5c83c690827e0e5ba276acd41e534e0619a40d66447ecee81fdebb,133,train
46,seed_46,C_physical_quantity,f9cfd6983a0b656d566c45e49a43f7fefb1892ddb865b6160cc1c399ba414ea0,366561bc4e5c83c690827e0e5ba276acd41e534e0619a40d66447ecee81fdebb,361,train
46,seed_46,C_physical_quantity,f9cfd6983a0b656d566c45e49a43f7fefb1892ddb865b6160cc1c399ba414ea0,366561bc4e5c83c690827e0e5ba276acd41e534e0619a40d66447ecee81fdebb,174,train
46,seed_46,C_physical_quantity,f9cfd6983a0b656d566c45e49a43f7fefb1892ddb865b6160cc1c399ba414ea0,366561bc4e5c83c690827e0e5ba276acd41e534e0619a40d66447ecee81fdebb,194,train
46,seed_46,C_physical_quantity,f9cfd6983a0b656d566c45e49a43f7fefb1892ddb865b6160cc1c399ba414ea0,366561bc4e5c83c690827e0e5ba276acd41e534e0619a40d66447ecee81fdebb,179,train
46,seed_46,C_physical_quantity,f9cfd6983a0b656d566c45e49a43f7fefb1892ddb865b6160cc1c399ba414ea0,366561bc4e5c83c690827e0e5ba276acd41e534e0619a40d66447ecee81fdebb,249,train
46,seed_46,C_physical_quantity,f9cfd6983a0b656d566c45e49a43f7fefb1892ddb865b6160cc1c399ba414ea0,366561bc4e5c83c690827e0e5ba276acd41e534e0619a40d66447ecee81fdebb,162,train
46,seed_46,C_physical_quantity,f9cfd6983a0b656d566c45e49a43f7fefb1892ddb865b6160cc1c399ba414ea0,366561bc4e5c83c690827e0e5ba276acd41e534e0619a40d66447ecee81fdebb,280,train
46,seed_46,C_physical_quantity,f9cfd6983a0b656d566c45e49a43f7fefb1892ddb865b6160cc1c399ba414ea0,366561bc4e5c83c690827e0e5ba276acd41e534e0619a40d66447ecee81fdebb,382,train
46,seed_46,C_physical_quantity,f9cfd6983a0b656d566c45e49a43f7fefb1892ddb865b6160cc1c399ba414ea0,366561bc4e5c83c690827e0e5ba276acd41e534e0619a40d66447ecee81fdebb,70,train
46,seed_46,C_physical_quantity,f9cfd6983a0b656d566c45e49a43f7fefb1892ddb865b6160cc1c399ba414ea0,366561bc4e5c83c690827e0e5ba276acd41e534e0619a40d66447ecee81fdebb,242,train
46,seed_46,C_physical_quantity,f9cfd6983a0b656d566c45e49a43f7fefb1892ddb865b6160cc1c399ba414ea0,366561bc4e5c83c690827e0e5ba276acd41e534e0619a40d66447ecee81fdebb,306,train
46,seed_46,C_physical_quantity,f9cfd6983a0b656d566c45e49a43f7fefb1892ddb865b6160cc1c399ba414ea0,366561bc4e5c83c690827e0e5ba276acd41e534e0619a40d66447ecee81fdebb,85,train
46,seed_46,C_physical_quantity,f9cfd6983a0b656d566c45e49a43f7fefb1892ddb865b6160cc1c399ba414ea0,366561bc4e5c83c690827e0e5ba276acd41e534e0619a40d66447ecee81fdebb,211,train
46,seed_46,C_physical_quantity,f9cfd6983a0b656d566c45e49a43f7fefb1892ddb865b6160cc1c399ba414ea0,366561bc4e5c83c690827e0e5ba276acd41e534e0619a40d66447ecee81fdebb,412,train
46,seed_46,C_physical_quantity,f9cfd6983a0b656d566c45e49a43f7fefb1892ddb865b6160cc1c399ba414ea0,366561bc4e5c83c690827e0e5ba276acd41e534e0619a40d66447ecee81fdebb,8,train
46,seed_46,C_physical_quantity,f9cfd6983a0b656d566c45e49a43f7fefb1892ddb865b6160cc1c399ba414ea0,366561bc4e5c83c690827e0e5ba276acd41e534e0619a40d66447ecee81fdebb,300,train
46,seed_46,C_physical_quantity,f9cfd6983a0b656d566c45e49a43f7fefb1892ddb865b6160cc1c399ba414ea0,366561bc4e5c83c690827e0e5ba276acd41e534e0619a40d66447ecee81fdebb,60,train
46,seed_46,C_physical_quantity,f9cfd6983a0b656d566c45e49a43f7fefb1892ddb865b6160cc1c399ba414ea0,366561bc4e5c83c690827e0e5ba276acd41e534e0619a40d66447ecee81fdebb,94,train
46,seed_46,C_physical_quantity,f9cfd6983a0b656d566c45e49a43f7fefb1892ddb865b6160cc1c399ba414ea0,366561bc4e5c83c690827e0e5ba276acd41e534e0619a40d66447ecee81fdebb,274,train
46,seed_46,C_physical_quantity,f9cfd6983a0b656d566c45e49a43f7fefb1892ddb865b6160cc1c399ba414ea0,366561bc4e5c83c690827e0e5ba276acd41e534e0619a40d66447ecee81fdebb,397,train
46,seed_46,C_physical_quantity,f9cfd6983a0b656d566c45e49a43f7fefb1892ddb865b6160cc1c399ba414ea0,366561bc4e5c83c690827e0e5ba276acd41e534e0619a40d66447ecee81fdebb,254,train
46,seed_46,C_physical_quantity,f9cfd6983a0b656d566c45e49a43f7fefb1892ddb865b6160cc1c399ba414ea0,366561bc4e5c83c690827e0e5ba276acd41e534e0619a40d66447ecee81fdebb,199,train
46,seed_46,C_physical_quantity,f9cfd6983a0b656d566c45e49a43f7fefb1892ddb865b6160cc1c399ba414ea0,366561bc4e5c83c690827e0e5ba276acd41e534e0619a40d66447ecee81fdebb,226,train
46,seed_46,C_physical_quantity,f9cfd6983a0b656d566c45e49a43f7fefb1892ddb865b6160cc1c399ba414ea0,366561bc4e5c83c690827e0e5ba276acd41e534e0619a40d66447ecee81fdebb,68,train
46,seed_46,C_physical_quantity,f9cfd6983a0b656d566c45e49a43f7fefb1892ddb865b6160cc1c399ba414ea0,366561bc4e5c83c690827e0e5ba276acd41e534e0619a40d66447ecee81fdebb,327,train
46,seed_46,C_physical_quantity,f9cfd6983a0b656d566c45e49a43f7fefb1892ddb865b6160cc1c399ba414ea0,366561bc4e5c83c690827e0e5ba276acd41e534e0619a40d66447ecee81fdebb,364,train
46,seed_46,C_physical_quantity,f9cfd6983a0b656d566c45e49a43f7fefb1892ddb865b6160cc1c399ba414ea0,366561bc4e5c83c690827e0e5ba276acd41e534e0619a40d66447ecee81fdebb,246,train
46,seed_46,C_physical_quantity,f9cfd6983a0b656d566c45e49a43f7fefb1892ddb865b6160cc1c399ba414ea0,366561bc4e5c83c690827e0e5ba276acd41e534e0619a40d66447ecee81fdebb,166,train
46,seed_46,C_physical_quantity,f9cfd6983a0b656d566c45e49a43f7fefb1892ddb865b6160cc1c399ba414ea0,366561bc4e5c83c690827e0e5ba276acd41e534e0619a40d66447ecee81fdebb,411,train
46,seed_46,C_physical_quantity,f9cfd6983a0b656d566c45e49a43f7fefb1892ddb865b6160cc1c399ba414ea0,366561bc4e5c83c690827e0e5ba276acd41e534e0619a40d66447ecee81fdebb,155,train
46,seed_46,C_physical_quantity,f9cfd6983a0b656d566c45e49a43f7fefb1892ddb865b6160cc1c399ba414ea0,366561bc4e5c83c690827e0e5ba276acd41e534e0619a40d66447ecee81fdebb,122,train
46,seed_46,C_physical_quantity,f9cfd6983a0b656d566c45e49a43f7fefb1892ddb865b6160cc1c399ba414ea0,366561bc4e5c83c690827e0e5ba276acd41e534e0619a40d66447ecee81fdebb,2,train
46,seed_46,C_physical_quantity,f9cfd6983a0b656d566c45e49a43f7fefb1892ddb865b6160cc1c399ba414ea0,366561bc4e5c83c690827e0e5ba276acd41e534e0619a40d66447ecee81fdebb,238,train
46,seed_46,C_physical_quantity,f9cfd6983a0b656d566c45e49a43f7fefb1892ddb865b6160cc1c399ba414ea0,366561bc4e5c83c690827e0e5ba276acd41e534e0619a40d66447ecee81fdebb,182,train
46,seed_46,C_physical_quantity,f9cfd6983a0b656d566c45e49a43f7fefb1892ddb865b6160cc1c399ba414ea0,366561bc4e5c83c690827e0e5ba276acd41e534e0619a40d66447ecee81fdebb,167,train
46,seed_46,C_physical_quantity,f9cfd6983a0b656d566c45e49a43f7fefb1892ddb865b6160cc1c399ba414ea0,366561bc4e5c83c690827e0e5ba276acd41e534e0619a40d66447ecee81fdebb,261,train
46,seed_46,C_physical_quantity,f9cfd6983a0b656d566c45e49a43f7fefb1892ddb865b6160cc1c399ba414ea0,366561bc4e5c83c690827e0e5ba276acd41e534e0619a40d66447ecee81fdebb,216,train
46,seed_46,C_physical_quantity,f9cfd6983a0b656d566c45e49a43f7fefb1892ddb865b6160cc1c399ba414ea0,366561bc4e5c83c690827e0e5ba276acd41e534e0619a40d66447ecee81fdebb,73,train
46,seed_46,C_physical_quantity,f9cfd6983a0b656d566c45e49a43f7fefb1892ddb865b6160cc1c399ba414ea0,366561bc4e5c83c690827e0e5ba276acd41e534e0619a40d66447ecee81fdebb,217,train
46,seed_46,C_physical_quantity,f9cfd6983a0b656d566c45e49a43f7fefb1892ddb865b6160cc1c399ba414ea0,366561bc4e5c83c690827e0e5ba276acd41e534e0619a40d66447ecee81fdebb,341,train
46,seed_46,C_physical_quantity,f9cfd6983a0b656d566c45e49a43f7fefb1892ddb865b6160cc1c399ba414ea0,366561bc4e5c83c690827e0e5ba276acd41e534e0619a40d66447ecee81fdebb,121,train
46,seed_46,C_physical_quantity,f9cfd6983a0b656d566c45e49a43f7fefb1892ddb865b6160cc1c399ba414ea0,366561bc4e5c83c690827e0e5ba276acd41e534e0619a40d66447ecee81fdebb,123,train
46,seed_46,C_physical_quantity,f9cfd6983a0b656d566c45e49a43f7fefb1892ddb865b6160cc1c399ba414ea0,366561bc4e5c83c690827e0e5ba276acd41e534e0619a40d66447ecee81fdebb,15,train
46,seed_46,C_physical_quantity,f9cfd6983a0b656d566c45e49a43f7fefb1892ddb865b6160cc1c399ba414ea0,366561bc4e5c83c690827e0e5ba276acd41e534e0619a40d66447ecee81fdebb,202,train
46,seed_46,C_physical_quantity,f9cfd6983a0b656d566c45e49a43f7fefb1892ddb865b6160cc1c399ba414ea0,366561bc4e5c83c690827e0e5ba276acd41e534e0619a40d66447ecee81fdebb,307,train
46,seed_46,C_physical_quantity,f9cfd6983a0b656d566c45e49a43f7fefb1892ddb865b6160cc1c399ba414ea0,366561bc4e5c83c690827e0e5ba276acd41e534e0619a40d66447ecee81fdebb,399,train
46,seed_46,C_physical_quantity,f9cfd6983a0b656d566c45e49a43f7fefb1892ddb865b6160cc1c399ba414ea0,366561bc4e5c83c690827e0e5ba276acd41e534e0619a40d66447ecee81fdebb,198,train
46,seed_46,C_physical_quantity,f9cfd6983a0b656d566c45e49a43f7fefb1892ddb865b6160cc1c399ba414ea0,366561bc4e5c83c690827e0e5ba276acd41e534e0619a40d66447ecee81fdebb,275,train
46,seed_46,C_physical_quantity,f9cfd6983a0b656d566c45e49a43f7fefb1892ddb865b6160cc1c399ba414ea0,366561bc4e5c83c690827e0e5ba276acd41e534e0619a40d66447ecee81fdebb,245,train
46,seed_46,C_physical_quantity,f9cfd6983a0b656d566c45e49a43f7fefb1892ddb865b6160cc1c399ba414ea0,366561bc4e5c83c690827e0e5ba276acd41e534e0619a40d66447ecee81fdebb,136,train
46,seed_46,C_physical_quantity,f9cfd6983a0b656d566c45e49a43f7fefb1892ddb865b6160cc1c399ba414ea0,366561bc4e5c83c690827e0e5ba276acd41e534e0619a40d66447ecee81fdebb,149,train
46,seed_46,C_physical_quantity,f9cfd6983a0b656d566c45e49a43f7fefb1892ddb865b6160cc1c399ba414ea0,366561bc4e5c83c690827e0e5ba276acd41e534e0619a40d66447ecee81fdebb,347,train
46,seed_46,C_physical_quantity,f9cfd6983a0b656d566c45e49a43f7fefb1892ddb865b6160cc1c399ba414ea0,366561bc4e5c83c690827e0e5ba276acd41e534e0619a40d66447ecee81fdebb,360,train
46,seed_46,C_physical_quantity,f9cfd6983a0b656d566c45e49a43f7fefb1892ddb865b6160cc1c399ba414ea0,366561bc4e5c83c690827e0e5ba276acd41e534e0619a40d66447ecee81fdebb,22,train
46,seed_46,C_physical_quantity,f9cfd6983a0b656d566c45e49a43f7fefb1892ddb865b6160cc1c399ba414ea0,366561bc4e5c83c690827e0e5ba276acd41e534e0619a40d66447ecee81fdebb,187,train
46,seed_46,C_physical_quantity,f9cfd6983a0b656d566c45e49a43f7fefb1892ddb865b6160cc1c399ba414ea0,366561bc4e5c83c690827e0e5ba276acd41e534e0619a40d66447ecee81fdebb,218,train
46,seed_46,C_physical_quantity,f9cfd6983a0b656d566c45e49a43f7fefb1892ddb865b6160cc1c399ba414ea0,366561bc4e5c83c690827e0e5ba276acd41e534e0619a40d66447ecee81fdebb,57,train
46,seed_46,C_physical_quantity,f9cfd6983a0b656d566c45e49a43f7fefb1892ddb865b6160cc1c399ba414ea0,366561bc4e5c83c690827e0e5ba276acd41e534e0619a40d66447ecee81fdebb,74,train
46,seed_46,C_physical_quantity,f9cfd6983a0b656d566c45e49a43f7fefb1892ddb865b6160cc1c399ba414ea0,366561bc4e5c83c690827e0e5ba276acd41e534e0619a40d66447ecee81fdebb,371,train
46,seed_46,C_physical_quantity,f9cfd6983a0b656d566c45e49a43f7fefb1892ddb865b6160cc1c399ba414ea0,366561bc4e5c83c690827e0e5ba276acd41e534e0619a40d66447ecee81fdebb,318,train
46,seed_46,C_physical_quantity,f9cfd6983a0b656d566c45e49a43f7fefb1892ddb865b6160cc1c399ba414ea0,366561bc4e5c83c690827e0e5ba276acd41e534e0619a40d66447ecee81fdebb,407,train
46,seed_46,C_physical_quantity,f9cfd6983a0b656d566c45e49a43f7fefb1892ddb865b6160cc1c399ba414ea0,366561bc4e5c83c690827e0e5ba276acd41e534e0619a40d66447ecee81fdebb,24,train
46,seed_46,C_physical_quantity,f9cfd6983a0b656d566c45e49a43f7fefb1892ddb865b6160cc1c399ba414ea0,366561bc4e5c83c690827e0e5ba276acd41e534e0619a40d66447ecee81fdebb,228,train
46,seed_46,C_physical_quantity,f9cfd6983a0b656d566c45e49a43f7fefb1892ddb865b6160cc1c399ba414ea0,366561bc4e5c83c690827e0e5ba276acd41e534e0619a40d66447ecee81fdebb,404,train
46,seed_46,C_physical_quantity,f9cfd6983a0b656d566c45e49a43f7fefb1892ddb865b6160cc1c399ba414ea0,366561bc4e5c83c690827e0e5ba276acd41e534e0619a40d66447ecee81fdebb,131,train
46,seed_46,C_physical_quantity,f9cfd6983a0b656d566c45e49a43f7fefb1892ddb865b6160cc1c399ba414ea0,366561bc4e5c83c690827e0e5ba276acd41e534e0619a40d66447ecee81fdebb,86,train
46,seed_46,C_physical_quantity,f9cfd6983a0b656d566c45e49a43f7fefb1892ddb865b6160cc1c399ba414ea0,366561bc4e5c83c690827e0e5ba276acd41e534e0619a40d66447ecee81fdebb,129,train
46,seed_46,C_physical_quantity,f9cfd6983a0b656d566c45e49a43f7fefb1892ddb865b6160cc1c399ba414ea0,366561bc4e5c83c690827e0e5ba276acd41e534e0619a40d66447ecee81fdebb,329,train
46,seed_46,C_physical_quantity,f9cfd6983a0b656d566c45e49a43f7fefb1892ddb865b6160cc1c399ba414ea0,366561bc4e5c83c690827e0e5ba276acd41e534e0619a40d66447ecee81fdebb,410,train
46,seed_46,C_physical_quantity,f9cfd6983a0b656d566c45e49a43f7fefb1892ddb865b6160cc1c399ba414ea0,366561bc4e5c83c690827e0e5ba276acd41e534e0619a40d66447ecee81fdebb,414,train
46,seed_46,C_physical_quantity,f9cfd6983a0b656d566c45e49a43f7fefb1892ddb865b6160cc1c399ba414ea0,366561bc4e5c83c690827e0e5ba276acd41e534e0619a40d66447ecee81fdebb,301,train
46,seed_46,C_physical_quantity,f9cfd6983a0b656d566c45e49a43f7fefb1892ddb865b6160cc1c399ba414ea0,366561bc4e5c83c690827e0e5ba276acd41e534e0619a40d66447ecee81fdebb,418,train
46,seed_46,C_physical_quantity,f9cfd6983a0b656d566c45e49a43f7fefb1892ddb865b6160cc1c399ba414ea0,366561bc4e5c83c690827e0e5ba276acd41e534e0619a40d66447ecee81fdebb,296,train
46,seed_46,C_physical_quantity,f9cfd6983a0b656d566c45e49a43f7fefb1892ddb865b6160cc1c399ba414ea0,366561bc4e5c83c690827e0e5ba276acd41e534e0619a40d66447ecee81fdebb,368,train
46,seed_46,C_physical_quantity,f9cfd6983a0b656d566c45e49a43f7fefb1892ddb865b6160cc1c399ba414ea0,366561bc4e5c83c690827e0e5ba276acd41e534e0619a40d66447ecee81fdebb,231,train
46,seed_46,C_physical_quantity,f9cfd6983a0b656d566c45e49a43f7fefb1892ddb865b6160cc1c399ba414ea0,366561bc4e5c83c690827e0e5ba276acd41e534e0619a40d66447ecee81fdebb,413,train
46,seed_46,C_physical_quantity,f9cfd6983a0b656d566c45e49a43f7fefb1892ddb865b6160cc1c399ba414ea0,366561bc4e5c83c690827e0e5ba276acd41e534e0619a40d66447ecee81fdebb,29,train
46,seed_46,C_physical_quantity,f9cfd6983a0b656d566c45e49a43f7fefb1892ddb865b6160cc1c399ba414ea0,366561bc4e5c83c690827e0e5ba276acd41e534e0619a40d66447ecee81fdebb,38,train
46,seed_46,C_physical_quantity,f9cfd6983a0b656d566c45e49a43f7fefb1892ddb865b6160cc1c399ba414ea0,366561bc4e5c83c690827e0e5ba276acd41e534e0619a40d66447ecee81fdebb,93,train
46,seed_46,C_physical_quantity,f9cfd6983a0b656d566c45e49a43f7fefb1892ddb865b6160cc1c399ba414ea0,366561bc4e5c83c690827e0e5ba276acd41e534e0619a40d66447ecee81fdebb,175,train
46,seed_46,C_physical_quantity,f9cfd6983a0b656d566c45e49a43f7fefb1892ddb865b6160cc1c399ba414ea0,366561bc4e5c83c690827e0e5ba276acd41e534e0619a40d66447ecee81fdebb,392,train
46,seed_46,C_physical_quantity,f9cfd6983a0b656d566c45e49a43f7fefb1892ddb865b6160cc1c399ba414ea0,366561bc4e5c83c690827e0e5ba276acd41e534e0619a40d66447ecee81fdebb,34,train
46,seed_46,C_physical_quantity,f9cfd6983a0b656d566c45e49a43f7fefb1892ddb865b6160cc1c399ba414ea0,366561bc4e5c83c690827e0e5ba276acd41e534e0619a40d66447ecee81fdebb,181,train
46,seed_46,C_physical_quantity,f9cfd6983a0b656d566c45e49a43f7fefb1892ddb865b6160cc1c399ba414ea0,366561bc4e5c83c690827e0e5ba276acd41e534e0619a40d66447ecee81fdebb,330,train
46,seed_46,C_physical_quantity,f9cfd6983a0b656d566c45e49a43f7fefb1892ddb865b6160cc1c399ba414ea0,366561bc4e5c83c690827e0e5ba276acd41e534e0619a40d66447ecee81fdebb,344,train
46,seed_46,C_physical_quantity,f9cfd6983a0b656d566c45e49a43f7fefb1892ddb865b6160cc1c399ba414ea0,366561bc4e5c83c690827e0e5ba276acd41e534e0619a40d66447ecee81fdebb,91,train
46,seed_46,C_physical_quantity,f9cfd6983a0b656d566c45e49a43f7fefb1892ddb865b6160cc1c399ba414ea0,366561bc4e5c83c690827e0e5ba276acd41e534e0619a40d66447ecee81fdebb,288,train
46,seed_46,C_physical_quantity,f9cfd6983a0b656d566c45e49a43f7fefb1892ddb865b6160cc1c399ba414ea0,366561bc4e5c83c690827e0e5ba276acd41e534e0619a40d66447ecee81fdebb,178,train
46,seed_46,C_physical_quantity,f9cfd6983a0b656d566c45e49a43f7fefb1892ddb865b6160cc1c399ba414ea0,366561bc4e5c83c690827e0e5ba276acd41e534e0619a40d66447ecee81fdebb,333,train
46,seed_46,C_physical_quantity,f9cfd6983a0b656d566c45e49a43f7fefb1892ddb865b6160cc1c399ba414ea0,366561bc4e5c83c690827e0e5ba276acd41e534e0619a40d66447ecee81fdebb,277,train
46,seed_46,C_physical_quantity,f9cfd6983a0b656d566c45e49a43f7fefb1892ddb865b6160cc1c399ba414ea0,366561bc4e5c83c690827e0e5ba276acd41e534e0619a40d66447ecee81fdebb,7,train
46,seed_46,C_physical_quantity,f9cfd6983a0b656d566c45e49a43f7fefb1892ddb865b6160cc1c399ba414ea0,366561bc4e5c83c690827e0e5ba276acd41e534e0619a40d66447ecee81fdebb,79,train
46,seed_46,C_physical_quantity,f9cfd6983a0b656d566c45e49a43f7fefb1892ddb865b6160cc1c399ba414ea0,366561bc4e5c83c690827e0e5ba276acd41e534e0619a40d66447ecee81fdebb,381,train
46,seed_46,C_physical_quantity,f9cfd6983a0b656d566c45e49a43f7fefb1892ddb865b6160cc1c399ba414ea0,366561bc4e5c83c690827e0e5ba276acd41e534e0619a40d66447ecee81fdebb,357,train
46,seed_46,C_physical_quantity,f9cfd6983a0b656d566c45e49a43f7fefb1892ddb865b6160cc1c399ba414ea0,366561bc4e5c83c690827e0e5ba276acd41e534e0619a40d66447ecee81fdebb,386,train
46,seed_46,C_physical_quantity,f9cfd6983a0b656d566c45e49a43f7fefb1892ddb865b6160cc1c399ba414ea0,366561bc4e5c83c690827e0e5ba276acd41e534e0619a40d66447ecee81fdebb,256,train
46,seed_46,C_physical_quantity,f9cfd6983a0b656d566c45e49a43f7fefb1892ddb865b6160cc1c399ba414ea0,366561bc4e5c83c690827e0e5ba276acd41e534e0619a40d66447ecee81fdebb,35,train
46,seed_46,C_physical_quantity,f9cfd6983a0b656d566c45e49a43f7fefb1892ddb865b6160cc1c399ba414ea0,366561bc4e5c83c690827e0e5ba276acd41e534e0619a40d66447ecee81fdebb,314,train
46,seed_46,C_physical_quantity,f9cfd6983a0b656d566c45e49a43f7fefb1892ddb865b6160cc1c399ba414ea0,366561bc4e5c83c690827e0e5ba276acd41e534e0619a40d66447ecee81fdebb,141,train
46,seed_46,C_physical_quantity,f9cfd6983a0b656d566c45e49a43f7fefb1892ddb865b6160cc1c399ba414ea0,366561bc4e5c83c690827e0e5ba276acd41e534e0619a40d66447ecee81fdebb,262,train
46,seed_46,C_physical_quantity,f9cfd6983a0b656d566c45e49a43f7fefb1892ddb865b6160cc1c399ba414ea0,366561bc4e5c83c690827e0e5ba276acd41e534e0619a40d66447ecee81fdebb,308,train
46,seed_46,C_physical_quantity,f9cfd6983a0b656d566c45e49a43f7fefb1892ddb865b6160cc1c399ba414ea0,366561bc4e5c83c690827e0e5ba276acd41e534e0619a40d66447ecee81fdebb,109,train
46,seed_46,C_physical_quantity,f9cfd6983a0b656d566c45e49a43f7fefb1892ddb865b6160cc1c399ba414ea0,366561bc4e5c83c690827e0e5ba276acd41e534e0619a40d66447ecee81fdebb,25,train
46,seed_46,C_physical_quantity,f9cfd6983a0b656d566c45e49a43f7fefb1892ddb865b6160cc1c399ba414ea0,366561bc4e5c83c690827e0e5ba276acd41e534e0619a40d66447ecee81fdebb,253,train
46,seed_46,C_physical_quantity,f9cfd6983a0b656d566c45e49a43f7fefb1892ddb865b6160cc1c399ba414ea0,366561bc4e5c83c690827e0e5ba276acd41e534e0619a40d66447ecee81fdebb,163,train
46,seed_46,C_physical_quantity,f9cfd6983a0b656d566c45e49a43f7fefb1892ddb865b6160cc1c399ba414ea0,366561bc4e5c83c690827e0e5ba276acd41e534e0619a40d66447ecee81fdebb,89,train
46,seed_46,C_physical_quantity,f9cfd6983a0b656d566c45e49a43f7fefb1892ddb865b6160cc1c399ba414ea0,366561bc4e5c83c690827e0e5ba276acd41e534e0619a40d66447ecee81fdebb,42,train
46,seed_46,C_physical_quantity,f9cfd6983a0b656d566c45e49a43f7fefb1892ddb865b6160cc1c399ba414ea0,366561bc4e5c83c690827e0e5ba276acd41e534e0619a40d66447ecee81fdebb,156,train
46,seed_46,C_physical_quantity,f9cfd6983a0b656d566c45e49a43f7fefb1892ddb865b6160cc1c399ba414ea0,366561bc4e5c83c690827e0e5ba276acd41e534e0619a40d66447ecee81fdebb,210,train
46,seed_46,C_physical_quantity,f9cfd6983a0b656d566c45e49a43f7fefb1892ddb865b6160cc1c399ba414ea0,366561bc4e5c83c690827e0e5ba276acd41e534e0619a40d66447ecee81fdebb,90,train
46,seed_46,C_physical_quantity,f9cfd6983a0b656d566c45e49a43f7fefb1892ddb865b6160cc1c399ba414ea0,366561bc4e5c83c690827e0e5ba276acd41e534e0619a40d66447ecee81fdebb,13,train
46,seed_46,C_physical_quantity,f9cfd6983a0b656d566c45e49a43f7fefb1892ddb865b6160cc1c399ba414ea0,366561bc4e5c83c690827e0e5ba276acd41e534e0619a40d66447ecee81fdebb,88,train
46,seed_46,C_physical_quantity,f9cfd6983a0b656d566c45e49a43f7fefb1892ddb865b6160cc1c399ba414ea0,366561bc4e5c83c690827e0e5ba276acd41e534e0619a40d66447ecee81fdebb,152,train
46,seed_46,C_physical_quantity,f9cfd6983a0b656d566c45e49a43f7fefb1892ddb865b6160cc1c399ba414ea0,366561bc4e5c83c690827e0e5ba276acd41e534e0619a40d66447ecee81fdebb,195,train
46,seed_46,C_physical_quantity,f9cfd6983a0b656d566c45e49a43f7fefb1892ddb865b6160cc1c399ba414ea0,366561bc4e5c83c690827e0e5ba276acd41e534e0619a40d66447ecee81fdebb,337,train
46,seed_46,C_physical_quantity,f9cfd6983a0b656d566c45e49a43f7fefb1892ddb865b6160cc1c399ba414ea0,366561bc4e5c83c690827e0e5ba276acd41e534e0619a40d66447ecee81fdebb,205,train
46,seed_46,C_physical_quantity,f9cfd6983a0b656d566c45e49a43f7fefb1892ddb865b6160cc1c399ba414ea0,366561bc4e5c83c690827e0e5ba276acd41e534e0619a40d66447ecee81fdebb,27,train
46,seed_46,C_physical_quantity,f9cfd6983a0b656d566c45e49a43f7fefb1892ddb865b6160cc1c399ba414ea0,366561bc4e5c83c690827e0e5ba276acd41e534e0619a40d66447ecee81fdebb,188,train
46,seed_46,C_physical_quantity,f9cfd6983a0b656d566c45e49a43f7fefb1892ddb865b6160cc1c399ba414ea0,366561bc4e5c83c690827e0e5ba276acd41e534e0619a40d66447ecee81fdebb,126,train
46,seed_46,C_physical_quantity,f9cfd6983a0b656d566c45e49a43f7fefb1892ddb865b6160cc1c399ba414ea0,366561bc4e5c83c690827e0e5ba276acd41e534e0619a40d66447ecee81fdebb,233,train
46,seed_46,C_physical_quantity,f9cfd6983a0b656d566c45e49a43f7fefb1892ddb865b6160cc1c399ba414ea0,366561bc4e5c83c690827e0e5ba276acd41e534e0619a40d66447ecee81fdebb,305,train
46,seed_46,C_physical_quantity,f9cfd6983a0b656d566c45e49a43f7fefb1892ddb865b6160cc1c399ba414ea0,366561bc4e5c83c690827e0e5ba276acd41e534e0619a40d66447ecee81fdebb,21,train
46,seed_46,C_physical_quantity,f9cfd6983a0b656d566c45e49a43f7fefb1892ddb865b6160cc1c399ba414ea0,366561bc4e5c83c690827e0e5ba276acd41e534e0619a40d66447ecee81fdebb,416,train
46,seed_46,C_physical_quantity,f9cfd6983a0b656d566c45e49a43f7fefb1892ddb865b6160cc1c399ba414ea0,366561bc4e5c83c690827e0e5ba276acd41e534e0619a40d66447ecee81fdebb,44,train
46,seed_46,C_physical_quantity,f9cfd6983a0b656d566c45e49a43f7fefb1892ddb865b6160cc1c399ba414ea0,366561bc4e5c83c690827e0e5ba276acd41e534e0619a40d66447ecee81fdebb,111,train
46,seed_46,C_physical_quantity,f9cfd6983a0b656d566c45e49a43f7fefb1892ddb865b6160cc1c399ba414ea0,366561bc4e5c83c690827e0e5ba276acd41e534e0619a40d66447ecee81fdebb,41,train
46,seed_46,C_physical_quantity,f9cfd6983a0b656d566c45e49a43f7fefb1892ddb865b6160cc1c399ba414ea0,366561bc4e5c83c690827e0e5ba276acd41e534e0619a40d66447ecee81fdebb,402,train
46,seed_46,C_physical_quantity,f9cfd6983a0b656d566c45e49a43f7fefb1892ddb865b6160cc1c399ba414ea0,366561bc4e5c83c690827e0e5ba276acd41e534e0619a40d66447ecee81fdebb,241,train
46,seed_46,C_physical_quantity,f9cfd6983a0b656d566c45e49a43f7fefb1892ddb865b6160cc1c399ba414ea0,366561bc4e5c83c690827e0e5ba276acd41e534e0619a40d66447ecee81fdebb,373,train
46,seed_46,C_physical_quantity,f9cfd6983a0b656d566c45e49a43f7fefb1892ddb865b6160cc1c399ba414ea0,366561bc4e5c83c690827e0e5ba276acd41e534e0619a40d66447ecee81fdebb,97,train
46,seed_46,C_physical_quantity,f9cfd6983a0b656d566c45e49a43f7fefb1892ddb865b6160cc1c399ba414ea0,366561bc4e5c83c690827e0e5ba276acd41e534e0619a40d66447ecee81fdebb,75,train
46,seed_46,C_physical_quantity,f9cfd6983a0b656d566c45e49a43f7fefb1892ddb865b6160cc1c399ba414ea0,366561bc4e5c83c690827e0e5ba276acd41e534e0619a40d66447ecee81fdebb,83,train
46,seed_46,C_physical_quantity,f9cfd6983a0b656d566c45e49a43f7fefb1892ddb865b6160cc1c399ba414ea0,366561bc4e5c83c690827e0e5ba276acd41e534e0619a40d66447ecee81fdebb,170,train
46,seed_46,C_physical_quantity,f9cfd6983a0b656d566c45e49a43f7fefb1892ddb865b6160cc1c399ba414ea0,366561bc4e5c83c690827e0e5ba276acd41e534e0619a40d66447ecee81fdebb,230,train
46,seed_46,C_physical_quantity,f9cfd6983a0b656d566c45e49a43f7fefb1892ddb865b6160cc1c399ba414ea0,366561bc4e5c83c690827e0e5ba276acd41e534e0619a40d66447ecee81fdebb,355,train
46,seed_46,C_physical_quantity,f9cfd6983a0b656d566c45e49a43f7fefb1892ddb865b6160cc1c399ba414ea0,366561bc4e5c83c690827e0e5ba276acd41e534e0619a40d66447ecee81fdebb,272,train
46,seed_46,C_physical_quantity,f9cfd6983a0b656d566c45e49a43f7fefb1892ddb865b6160cc1c399ba414ea0,366561bc4e5c83c690827e0e5ba276acd41e534e0619a40d66447ecee81fdebb,319,train
46,seed_46,C_physical_quantity,f9cfd6983a0b656d566c45e49a43f7fefb1892ddb865b6160cc1c399ba414ea0,366561bc4e5c83c690827e0e5ba276acd41e534e0619a40d66447ecee81fdebb,310,train
46,seed_46,C_physical_quantity,f9cfd6983a0b656d566c45e49a43f7fefb1892ddb865b6160cc1c399ba414ea0,366561bc4e5c83c690827e0e5ba276acd41e534e0619a40d66447ecee81fdebb,0,train
46,seed_46,C_physical_quantity,f9cfd6983a0b656d566c45e49a43f7fefb1892ddb865b6160cc1c399ba414ea0,366561bc4e5c83c690827e0e5ba276acd41e534e0619a40d66447ecee81fdebb,54,train
46,seed_46,C_physical_quantity,f9cfd6983a0b656d566c45e49a43f7fefb1892ddb865b6160cc1c399ba414ea0,366561bc4e5c83c690827e0e5ba276acd41e534e0619a40d66447ecee81fdebb,350,train
46,seed_46,C_physical_quantity,f9cfd6983a0b656d566c45e49a43f7fefb1892ddb865b6160cc1c399ba414ea0,366561bc4e5c83c690827e0e5ba276acd41e534e0619a40d66447ecee81fdebb,18,train
46,seed_46,C_physical_quantity,f9cfd6983a0b656d566c45e49a43f7fefb1892ddb865b6160cc1c399ba414ea0,366561bc4e5c83c690827e0e5ba276acd41e534e0619a40d66447ecee81fdebb,101,train
46,seed_46,C_physical_quantity,f9cfd6983a0b656d566c45e49a43f7fefb1892ddb865b6160cc1c399ba414ea0,366561bc4e5c83c690827e0e5ba276acd41e534e0619a40d66447ecee81fdebb,49,train
46,seed_46,C_physical_quantity,f9cfd6983a0b656d566c45e49a43f7fefb1892ddb865b6160cc1c399ba414ea0,366561bc4e5c83c690827e0e5ba276acd41e534e0619a40d66447ecee81fdebb,161,train
46,seed_46,C_physical_quantity,f9cfd6983a0b656d566c45e49a43f7fefb1892ddb865b6160cc1c399ba414ea0,366561bc4e5c83c690827e0e5ba276acd41e534e0619a40d66447ecee81fdebb,173,train
46,seed_46,C_physical_quantity,f9cfd6983a0b656d566c45e49a43f7fefb1892ddb865b6160cc1c399ba414ea0,366561bc4e5c83c690827e0e5ba276acd41e534e0619a40d66447ecee81fdebb,39,train
46,seed_46,C_physical_quantity,f9cfd6983a0b656d566c45e49a43f7fefb1892ddb865b6160cc1c399ba414ea0,366561bc4e5c83c690827e0e5ba276acd41e534e0619a40d66447ecee81fdebb,257,train
46,seed_46,C_physical_quantity,f9cfd6983a0b656d566c45e49a43f7fefb1892ddb865b6160cc1c399ba414ea0,366561bc4e5c83c690827e0e5ba276acd41e534e0619a40d66447ecee81fdebb,285,train
46,seed_46,C_physical_quantity,f9cfd6983a0b656d566c45e49a43f7fefb1892ddb865b6160cc1c399ba414ea0,366561bc4e5c83c690827e0e5ba276acd41e534e0619a40d66447ecee81fdebb,236,train
46,seed_46,C_physical_quantity,f9cfd6983a0b656d566c45e49a43f7fefb1892ddb865b6160cc1c399ba414ea0,366561bc4e5c83c690827e0e5ba276acd41e534e0619a40d66447ecee81fdebb,400,train
46,seed_46,C_physical_quantity,f9cfd6983a0b656d566c45e49a43f7fefb1892ddb865b6160cc1c399ba414ea0,366561bc4e5c83c690827e0e5ba276acd41e534e0619a40d66447ecee81fdebb,271,train
46,seed_46,C_physical_quantity,f9cfd6983a0b656d566c45e49a43f7fefb1892ddb865b6160cc1c399ba414ea0,366561bc4e5c83c690827e0e5ba276acd41e534e0619a40d66447ecee81fdebb,343,train
46,seed_46,C_physical_quantity,f9cfd6983a0b656d566c45e49a43f7fefb1892ddb865b6160cc1c399ba414ea0,366561bc4e5c83c690827e0e5ba276acd41e534e0619a40d66447ecee81fdebb,95,train
46,seed_46,C_physical_quantity,f9cfd6983a0b656d566c45e49a43f7fefb1892ddb865b6160cc1c399ba414ea0,366561bc4e5c83c690827e0e5ba276acd41e534e0619a40d66447ecee81fdebb,356,train
46,seed_46,C_physical_quantity,f9cfd6983a0b656d566c45e49a43f7fefb1892ddb865b6160cc1c399ba414ea0,366561bc4e5c83c690827e0e5ba276acd41e534e0619a40d66447ecee81fdebb,323,train
46,seed_46,C_physical_quantity,f9cfd6983a0b656d566c45e49a43f7fefb1892ddb865b6160cc1c399ba414ea0,366561bc4e5c83c690827e0e5ba276acd41e534e0619a40d66447ecee81fdebb,378,train
46,seed_46,C_physical_quantity,f9cfd6983a0b656d566c45e49a43f7fefb1892ddb865b6160cc1c399ba414ea0,366561bc4e5c83c690827e0e5ba276acd41e534e0619a40d66447ecee81fdebb,380,train
46,seed_46,C_physical_quantity,f9cfd6983a0b656d566c45e49a43f7fefb1892ddb865b6160cc1c399ba414ea0,366561bc4e5c83c690827e0e5ba276acd41e534e0619a40d66447ecee81fdebb,276,train
46,seed_46,C_physical_quantity,f9cfd6983a0b656d566c45e49a43f7fefb1892ddb865b6160cc1c399ba414ea0,366561bc4e5c83c690827e0e5ba276acd41e534e0619a40d66447ecee81fdebb,137,train
46,seed_46,C_physical_quantity,f9cfd6983a0b656d566c45e49a43f7fefb1892ddb865b6160cc1c399ba414ea0,366561bc4e5c83c690827e0e5ba276acd41e534e0619a40d66447ecee81fdebb,148,train
46,seed_46,C_physical_quantity,f9cfd6983a0b656d566c45e49a43f7fefb1892ddb865b6160cc1c399ba414ea0,366561bc4e5c83c690827e0e5ba276acd41e534e0619a40d66447ecee81fdebb,201,train
46,seed_46,C_physical_quantity,f9cfd6983a0b656d566c45e49a43f7fefb1892ddb865b6160cc1c399ba414ea0,366561bc4e5c83c690827e0e5ba276acd41e534e0619a40d66447ecee81fdebb,220,train
46,seed_46,C_physical_quantity,f9cfd6983a0b656d566c45e49a43f7fefb1892ddb865b6160cc1c399ba414ea0,366561bc4e5c83c690827e0e5ba276acd41e534e0619a40d66447ecee81fdebb,345,train
46,seed_46,C_physical_quantity,f9cfd6983a0b656d566c45e49a43f7fefb1892ddb865b6160cc1c399ba414ea0,366561bc4e5c83c690827e0e5ba276acd41e534e0619a40d66447ecee81fdebb,197,train
46,seed_46,C_physical_quantity,f9cfd6983a0b656d566c45e49a43f7fefb1892ddb865b6160cc1c399ba414ea0,366561bc4e5c83c690827e0e5ba276acd41e534e0619a40d66447ecee81fdebb,348,train
46,seed_46,C_physical_quantity,f9cfd6983a0b656d566c45e49a43f7fefb1892ddb865b6160cc1c399ba414ea0,366561bc4e5c83c690827e0e5ba276acd41e534e0619a40d66447ecee81fdebb,134,train
46,seed_46,C_physical_quantity,f9cfd6983a0b656d566c45e49a43f7fefb1892ddb865b6160cc1c399ba414ea0,366561bc4e5c83c690827e0e5ba276acd41e534e0619a40d66447ecee81fdebb,67,train
46,seed_46,C_physical_quantity,f9cfd6983a0b656d566c45e49a43f7fefb1892ddb865b6160cc1c399ba414ea0,366561bc4e5c83c690827e0e5ba276acd41e534e0619a40d66447ecee81fdebb,313,train
46,seed_46,C_physical_quantity,f9cfd6983a0b656d566c45e49a43f7fefb1892ddb865b6160cc1c399ba414ea0,366561bc4e5c83c690827e0e5ba276acd41e534e0619a40d66447ecee81fdebb,87,train
46,seed_46,C_physical_quantity,f9cfd6983a0b656d566c45e49a43f7fefb1892ddb865b6160cc1c399ba414ea0,366561bc4e5c83c690827e0e5ba276acd41e534e0619a40d66447ecee81fdebb,346,train
46,seed_46,C_physical_quantity,f9cfd6983a0b656d566c45e49a43f7fefb1892ddb865b6160cc1c399ba414ea0,366561bc4e5c83c690827e0e5ba276acd41e534e0619a40d66447ecee81fdebb,47,train
46,seed_46,C_physical_quantity,f9cfd6983a0b656d566c45e49a43f7fefb1892ddb865b6160cc1c399ba414ea0,366561bc4e5c83c690827e0e5ba276acd41e534e0619a40d66447ecee81fdebb,336,train
46,seed_46,C_physical_quantity,f9cfd6983a0b656d566c45e49a43f7fefb1892ddb865b6160cc1c399ba414ea0,366561bc4e5c83c690827e0e5ba276acd41e534e0619a40d66447ecee81fdebb,270,train
46,seed_46,C_physical_quantity,f9cfd6983a0b656d566c45e49a43f7fefb1892ddb865b6160cc1c399ba414ea0,366561bc4e5c83c690827e0e5ba276acd41e534e0619a40d66447ecee81fdebb,332,train
46,seed_46,C_physical_quantity,f9cfd6983a0b656d566c45e49a43f7fefb1892ddb865b6160cc1c399ba414ea0,366561bc4e5c83c690827e0e5ba276acd41e534e0619a40d66447ecee81fdebb,324,train
46,seed_46,C_physical_quantity,f9cfd6983a0b656d566c45e49a43f7fefb1892ddb865b6160cc1c399ba414ea0,366561bc4e5c83c690827e0e5ba276acd41e534e0619a40d66447ecee81fdebb,328,train
46,seed_46,C_physical_quantity,f9cfd6983a0b656d566c45e49a43f7fefb1892ddb865b6160cc1c399ba414ea0,366561bc4e5c83c690827e0e5ba276acd41e534e0619a40d66447ecee81fdebb,28,train
46,seed_46,C_physical_quantity,f9cfd6983a0b656d566c45e49a43f7fefb1892ddb865b6160cc1c399ba414ea0,366561bc4e5c83c690827e0e5ba276acd41e534e0619a40d66447ecee81fdebb,82,train
46,seed_46,C_physical_quantity,f9cfd6983a0b656d566c45e49a43f7fefb1892ddb865b6160cc1c399ba414ea0,366561bc4e5c83c690827e0e5ba276acd41e534e0619a40d66447ecee81fdebb,302,train
46,seed_46,C_physical_quantity,f9cfd6983a0b656d566c45e49a43f7fefb1892ddb865b6160cc1c399ba414ea0,366561bc4e5c83c690827e0e5ba276acd41e534e0619a40d66447ecee81fdebb,69,train
46,seed_46,C_physical_quantity,f9cfd6983a0b656d566c45e49a43f7fefb1892ddb865b6160cc1c399ba414ea0,366561bc4e5c83c690827e0e5ba276acd41e534e0619a40d66447ecee81fdebb,100,train
46,seed_46,C_physical_quantity,f9cfd6983a0b656d566c45e49a43f7fefb1892ddb865b6160cc1c399ba414ea0,366561bc4e5c83c690827e0e5ba276acd41e534e0619a40d66447ecee81fdebb,309,train
46,seed_46,C_physical_quantity,f9cfd6983a0b656d566c45e49a43f7fefb1892ddb865b6160cc1c399ba414ea0,366561bc4e5c83c690827e0e5ba276acd41e534e0619a40d66447ecee81fdebb,192,train
46,seed_46,C_physical_quantity,f9cfd6983a0b656d566c45e49a43f7fefb1892ddb865b6160cc1c399ba414ea0,366561bc4e5c83c690827e0e5ba276acd41e534e0619a40d66447ecee81fdebb,229,train
46,seed_46,C_physical_quantity,f9cfd6983a0b656d566c45e49a43f7fefb1892ddb865b6160cc1c399ba414ea0,366561bc4e5c83c690827e0e5ba276acd41e534e0619a40d66447ecee81fdebb,322,train
46,seed_46,C_physical_quantity,f9cfd6983a0b656d566c45e49a43f7fefb1892ddb865b6160cc1c399ba414ea0,366561bc4e5c83c690827e0e5ba276acd41e534e0619a40d66447ecee81fdebb,208,train
46,seed_46,C_physical_quantity,f9cfd6983a0b656d566c45e49a43f7fefb1892ddb865b6160cc1c399ba414ea0,366561bc4e5c83c690827e0e5ba276acd41e534e0619a40d66447ecee81fdebb,375,train
46,seed_46,C_physical_quantity,f9cfd6983a0b656d566c45e49a43f7fefb1892ddb865b6160cc1c399ba414ea0,366561bc4e5c83c690827e0e5ba276acd41e534e0619a40d66447ecee81fdebb,291,train
46,seed_46,C_physical_quantity,f9cfd6983a0b656d566c45e49a43f7fefb1892ddb865b6160cc1c399ba414ea0,366561bc4e5c83c690827e0e5ba276acd41e534e0619a40d66447ecee81fdebb,6,train
46,seed_46,C_physical_quantity,f9cfd6983a0b656d566c45e49a43f7fefb1892ddb865b6160cc1c399ba414ea0,366561bc4e5c83c690827e0e5ba276acd41e534e0619a40d66447ecee81fdebb,352,train
46,seed_46,C_physical_quantity,f9cfd6983a0b656d566c45e49a43f7fefb1892ddb865b6160cc1c399ba414ea0,366561bc4e5c83c690827e0e5ba276acd41e534e0619a40d66447ecee81fdebb,388,train
46,seed_46,C_physical_quantity,f9cfd6983a0b656d566c45e49a43f7fefb1892ddb865b6160cc1c399ba414ea0,366561bc4e5c83c690827e0e5ba276acd41e534e0619a40d66447ecee81fdebb,99,train
46,seed_46,C_physical_quantity,f9cfd6983a0b656d566c45e49a43f7fefb1892ddb865b6160cc1c399ba414ea0,366561bc4e5c83c690827e0e5ba276acd41e534e0619a40d66447ecee81fdebb,118,train
46,seed_46,C_physical_quantity,f9cfd6983a0b656d566c45e49a43f7fefb1892ddb865b6160cc1c399ba414ea0,366561bc4e5c83c690827e0e5ba276acd41e534e0619a40d66447ecee81fdebb,159,train
46,seed_46,C_physical_quantity,f9cfd6983a0b656d566c45e49a43f7fefb1892ddb865b6160cc1c399ba414ea0,366561bc4e5c83c690827e0e5ba276acd41e534e0619a40d66447ecee81fdebb,53,train
46,seed_46,C_physical_quantity,f9cfd6983a0b656d566c45e49a43f7fefb1892ddb865b6160cc1c399ba414ea0,366561bc4e5c83c690827e0e5ba276acd41e534e0619a40d66447ecee81fdebb,46,train
46,seed_46,C_physical_quantity,f9cfd6983a0b656d566c45e49a43f7fefb1892ddb865b6160cc1c399ba414ea0,366561bc4e5c83c690827e0e5ba276acd41e534e0619a40d66447ecee81fdebb,50,train
46,seed_46,C_physical_quantity,f9cfd6983a0b656d566c45e49a43f7fefb1892ddb865b6160cc1c399ba414ea0,366561bc4e5c83c690827e0e5ba276acd41e534e0619a40d66447ecee81fdebb,164,train
46,seed_46,C_physical_quantity,f9cfd6983a0b656d566c45e49a43f7fefb1892ddb865b6160cc1c399ba414ea0,366561bc4e5c83c690827e0e5ba276acd41e534e0619a40d66447ecee81fdebb,259,train
46,seed_46,C_physical_quantity,f9cfd6983a0b656d566c45e49a43f7fefb1892ddb865b6160cc1c399ba414ea0,366561bc4e5c83c690827e0e5ba276acd41e534e0619a40d66447ecee81fdebb,250,train
46,seed_46,C_physical_quantity,f9cfd6983a0b656d566c45e49a43f7fefb1892ddb865b6160cc1c399ba414ea0,366561bc4e5c83c690827e0e5ba276acd41e534e0619a40d66447ecee81fdebb,415,train
46,seed_46,C_physical_quantity,f9cfd6983a0b656d566c45e49a43f7fefb1892ddb865b6160cc1c399ba414ea0,366561bc4e5c83c690827e0e5ba276acd41e534e0619a40d66447ecee81fdebb,30,train
46,seed_46,C_physical_quantity,f9cfd6983a0b656d566c45e49a43f7fefb1892ddb865b6160cc1c399ba414ea0,366561bc4e5c83c690827e0e5ba276acd41e534e0619a40d66447ecee81fdebb,240,train
46,seed_46,C_physical_quantity,f9cfd6983a0b656d566c45e49a43f7fefb1892ddb865b6160cc1c399ba414ea0,366561bc4e5c83c690827e0e5ba276acd41e534e0619a40d66447ecee81fdebb,239,train
46,seed_46,C_physical_quantity,f9cfd6983a0b656d566c45e49a43f7fefb1892ddb865b6160cc1c399ba414ea0,366561bc4e5c83c690827e0e5ba276acd41e534e0619a40d66447ecee81fdebb,263,train
46,seed_46,C_physical_quantity,f9cfd6983a0b656d566c45e49a43f7fefb1892ddb865b6160cc1c399ba414ea0,366561bc4e5c83c690827e0e5ba276acd41e534e0619a40d66447ecee81fdebb,128,train
46,seed_46,C_physical_quantity,f9cfd6983a0b656d566c45e49a43f7fefb1892ddb865b6160cc1c399ba414ea0,366561bc4e5c83c690827e0e5ba276acd41e534e0619a40d66447ecee81fdebb,376,train
46,seed_46,C_physical_quantity,f9cfd6983a0b656d566c45e49a43f7fefb1892ddb865b6160cc1c399ba414ea0,366561bc4e5c83c690827e0e5ba276acd41e534e0619a40d66447ecee81fdebb,127,train
46,seed_46,C_physical_quantity,f9cfd6983a0b656d566c45e49a43f7fefb1892ddb865b6160cc1c399ba414ea0,366561bc4e5c83c690827e0e5ba276acd41e534e0619a40d66447ecee81fdebb,358,train
46,seed_46,C_physical_quantity,f9cfd6983a0b656d566c45e49a43f7fefb1892ddb865b6160cc1c399ba414ea0,366561bc4e5c83c690827e0e5ba276acd41e534e0619a40d66447ecee81fdebb,214,train
46,seed_46,C_physical_quantity,f9cfd6983a0b656d566c45e49a43f7fefb1892ddb865b6160cc1c399ba414ea0,366561bc4e5c83c690827e0e5ba276acd41e534e0619a40d66447ecee81fdebb,58,train
46,seed_46,C_physical_quantity,f9cfd6983a0b656d566c45e49a43f7fefb1892ddb865b6160cc1c399ba414ea0,366561bc4e5c83c690827e0e5ba276acd41e534e0619a40d66447ecee81fdebb,140,train
46,seed_46,C_physical_quantity,f9cfd6983a0b656d566c45e49a43f7fefb1892ddb865b6160cc1c399ba414ea0,366561bc4e5c83c690827e0e5ba276acd41e534e0619a40d66447ecee81fdebb,312,train
46,seed_46,C_physical_quantity,f9cfd6983a0b656d566c45e49a43f7fefb1892ddb865b6160cc1c399ba414ea0,366561bc4e5c83c690827e0e5ba276acd41e534e0619a40d66447ecee81fdebb,158,train
46,seed_46,C_physical_quantity,f9cfd6983a0b656d566c45e49a43f7fefb1892ddb865b6160cc1c399ba414ea0,366561bc4e5c83c690827e0e5ba276acd41e534e0619a40d66447ecee81fdebb,377,train
46,seed_46,C_physical_quantity,f9cfd6983a0b656d566c45e49a43f7fefb1892ddb865b6160cc1c399ba414ea0,366561bc4e5c83c690827e0e5ba276acd41e534e0619a40d66447ecee81fdebb,160,train
46,seed_46,C_physical_quantity,f9cfd6983a0b656d566c45e49a43f7fefb1892ddb865b6160cc1c399ba414ea0,366561bc4e5c83c690827e0e5ba276acd41e534e0619a40d66447ecee81fdebb,209,train
46,seed_46,C_physical_quantity,f9cfd6983a0b656d566c45e49a43f7fefb1892ddb865b6160cc1c399ba414ea0,366561bc4e5c83c690827e0e5ba276acd41e534e0619a40d66447ecee81fdebb,61,train
46,seed_46,C_physical_quantity,f9cfd6983a0b656d566c45e49a43f7fefb1892ddb865b6160cc1c399ba414ea0,366561bc4e5c83c690827e0e5ba276acd41e534e0619a40d66447ecee81fdebb,16,train
46,seed_46,C_physical_quantity,f9cfd6983a0b656d566c45e49a43f7fefb1892ddb865b6160cc1c399ba414ea0,366561bc4e5c83c690827e0e5ba276acd41e534e0619a40d66447ecee81fdebb,63,train
46,seed_46,C_physical_quantity,f9cfd6983a0b656d566c45e49a43f7fefb1892ddb865b6160cc1c399ba414ea0,366561bc4e5c83c690827e0e5ba276acd41e534e0619a40d66447ecee81fdebb,117,train
46,seed_46,C_physical_quantity,f9cfd6983a0b656d566c45e49a43f7fefb1892ddb865b6160cc1c399ba414ea0,366561bc4e5c83c690827e0e5ba276acd41e534e0619a40d66447ecee81fdebb,23,train
46,seed_46,C_physical_quantity,f9cfd6983a0b656d566c45e49a43f7fefb1892ddb865b6160cc1c399ba414ea0,366561bc4e5c83c690827e0e5ba276acd41e534e0619a40d66447ecee81fdebb,92,train
46,seed_46,C_physical_quantity,f9cfd6983a0b656d566c45e49a43f7fefb1892ddb865b6160cc1c399ba414ea0,366561bc4e5c83c690827e0e5ba276acd41e534e0619a40d66447ecee81fdebb,80,train
46,seed_46,C_physical_quantity,f9cfd6983a0b656d566c45e49a43f7fefb1892ddb865b6160cc1c399ba414ea0,366561bc4e5c83c690827e0e5ba276acd41e534e0619a40d66447ecee81fdebb,248,train
46,seed_46,C_physical_quantity,f9cfd6983a0b656d566c45e49a43f7fefb1892ddb865b6160cc1c399ba414ea0,366561bc4e5c83c690827e0e5ba276acd41e534e0619a40d66447ecee81fdebb,193,train
46,seed_46,C_physical_quantity,f9cfd6983a0b656d566c45e49a43f7fefb1892ddb865b6160cc1c399ba414ea0,366561bc4e5c83c690827e0e5ba276acd41e534e0619a40d66447ecee81fdebb,204,train
46,seed_46,C_physical_quantity,f9cfd6983a0b656d566c45e49a43f7fefb1892ddb865b6160cc1c399ba414ea0,366561bc4e5c83c690827e0e5ba276acd41e534e0619a40d66447ecee81fdebb,200,train
46,seed_46,C_physical_quantity,f9cfd6983a0b656d566c45e49a43f7fefb1892ddb865b6160cc1c399ba414ea0,366561bc4e5c83c690827e0e5ba276acd41e534e0619a40d66447ecee81fdebb,168,train
46,seed_46,C_physical_quantity,f9cfd6983a0b656d566c45e49a43f7fefb1892ddb865b6160cc1c399ba414ea0,366561bc4e5c83c690827e0e5ba276acd41e534e0619a40d66447ecee81fdebb,244,train
46,seed_46,C_physical_quantity,f9cfd6983a0b656d566c45e49a43f7fefb1892ddb865b6160cc1c399ba414ea0,366561bc4e5c83c690827e0e5ba276acd41e534e0619a40d66447ecee81fdebb,107,train
46,seed_46,C_physical_quantity,f9cfd6983a0b656d566c45e49a43f7fefb1892ddb865b6160cc1c399ba414ea0,366561bc4e5c83c690827e0e5ba276acd41e534e0619a40d66447ecee81fdebb,258,train
46,seed_46,C_physical_quantity,f9cfd6983a0b656d566c45e49a43f7fefb1892ddb865b6160cc1c399ba414ea0,366561bc4e5c83c690827e0e5ba276acd41e534e0619a40d66447ecee81fdebb,176,train
46,seed_46,C_physical_quantity,f9cfd6983a0b656d566c45e49a43f7fefb1892ddb865b6160cc1c399ba414ea0,366561bc4e5c83c690827e0e5ba276acd41e534e0619a40d66447ecee81fdebb,374,train
46,seed_46,C_physical_quantity,f9cfd6983a0b656d566c45e49a43f7fefb1892ddb865b6160cc1c399ba414ea0,366561bc4e5c83c690827e0e5ba276acd41e534e0619a40d66447ecee81fdebb,120,train
46,seed_46,C_physical_quantity,f9cfd6983a0b656d566c45e49a43f7fefb1892ddb865b6160cc1c399ba414ea0,366561bc4e5c83c690827e0e5ba276acd41e534e0619a40d66447ecee81fdebb,215,train
46,seed_46,C_physical_quantity,f9cfd6983a0b656d566c45e49a43f7fefb1892ddb865b6160cc1c399ba414ea0,366561bc4e5c83c690827e0e5ba276acd41e534e0619a40d66447ecee81fdebb,150,train
46,seed_46,C_physical_quantity,f9cfd6983a0b656d566c45e49a43f7fefb1892ddb865b6160cc1c399ba414ea0,366561bc4e5c83c690827e0e5ba276acd41e534e0619a40d66447ecee81fdebb,114,train
46,seed_46,C_physical_quantity,f9cfd6983a0b656d566c45e49a43f7fefb1892ddb865b6160cc1c399ba414ea0,366561bc4e5c83c690827e0e5ba276acd41e534e0619a40d66447ecee81fdebb,408,train
46,seed_46,C_physical_quantity,f9cfd6983a0b656d566c45e49a43f7fefb1892ddb865b6160cc1c399ba414ea0,366561bc4e5c83c690827e0e5ba276acd41e534e0619a40d66447ecee81fdebb,354,train
46,seed_46,C_physical_quantity,f9cfd6983a0b656d566c45e49a43f7fefb1892ddb865b6160cc1c399ba414ea0,366561bc4e5c83c690827e0e5ba276acd41e534e0619a40d66447ecee81fdebb,286,train
46,seed_46,C_physical_quantity,f9cfd6983a0b656d566c45e49a43f7fefb1892ddb865b6160cc1c399ba414ea0,366561bc4e5c83c690827e0e5ba276acd41e534e0619a40d66447ecee81fdebb,335,train
46,seed_46,C_physical_quantity,f9cfd6983a0b656d566c45e49a43f7fefb1892ddb865b6160cc1c399ba414ea0,366561bc4e5c83c690827e0e5ba276acd41e534e0619a40d66447ecee81fdebb,59,train
46,seed_46,C_physical_quantity,f9cfd6983a0b656d566c45e49a43f7fefb1892ddb865b6160cc1c399ba414ea0,366561bc4e5c83c690827e0e5ba276acd41e534e0619a40d66447ecee81fdebb,98,train
46,seed_46,C_physical_quantity,f9cfd6983a0b656d566c45e49a43f7fefb1892ddb865b6160cc1c399ba414ea0,366561bc4e5c83c690827e0e5ba276acd41e534e0619a40d66447ecee81fdebb,278,train
46,seed_46,C_physical_quantity,f9cfd6983a0b656d566c45e49a43f7fefb1892ddb865b6160cc1c399ba414ea0,366561bc4e5c83c690827e0e5ba276acd41e534e0619a40d66447ecee81fdebb,311,train
46,seed_46,C_physical_quantity,f9cfd6983a0b656d566c45e49a43f7fefb1892ddb865b6160cc1c399ba414ea0,366561bc4e5c83c690827e0e5ba276acd41e534e0619a40d66447ecee81fdebb,287,train
46,seed_46,C_physical_quantity,f9cfd6983a0b656d566c45e49a43f7fefb1892ddb865b6160cc1c399ba414ea0,366561bc4e5c83c690827e0e5ba276acd41e534e0619a40d66447ecee81fdebb,32,train
46,seed_46,C_physical_quantity,f9cfd6983a0b656d566c45e49a43f7fefb1892ddb865b6160cc1c399ba414ea0,366561bc4e5c83c690827e0e5ba276acd41e534e0619a40d66447ecee81fdebb,72,train
46,seed_46,C_physical_quantity,f9cfd6983a0b656d566c45e49a43f7fefb1892ddb865b6160cc1c399ba414ea0,366561bc4e5c83c690827e0e5ba276acd41e534e0619a40d66447ecee81fdebb,130,train
46,seed_46,C_physical_quantity,f9cfd6983a0b656d566c45e49a43f7fefb1892ddb865b6160cc1c399ba414ea0,366561bc4e5c83c690827e0e5ba276acd41e534e0619a40d66447ecee81fdebb,235,train
46,seed_46,C_physical_quantity,f9cfd6983a0b656d566c45e49a43f7fefb1892ddb865b6160cc1c399ba414ea0,366561bc4e5c83c690827e0e5ba276acd41e534e0619a40d66447ecee81fdebb,316,train
46,seed_46,C_physical_quantity,f9cfd6983a0b656d566c45e49a43f7fefb1892ddb865b6160cc1c399ba414ea0,366561bc4e5c83c690827e0e5ba276acd41e534e0619a40d66447ecee81fdebb,349,train
46,seed_46,C_physical_quantity,f9cfd6983a0b656d566c45e49a43f7fefb1892ddb865b6160cc1c399ba414ea0,366561bc4e5c83c690827e0e5ba276acd41e534e0619a40d66447ecee81fdebb,203,train
46,seed_46,C_physical_quantity,f9cfd6983a0b656d566c45e49a43f7fefb1892ddb865b6160cc1c399ba414ea0,366561bc4e5c83c690827e0e5ba276acd41e534e0619a40d66447ecee81fdebb,146,train
46,seed_46,C_physical_quantity,f9cfd6983a0b656d566c45e49a43f7fefb1892ddb865b6160cc1c399ba414ea0,366561bc4e5c83c690827e0e5ba276acd41e534e0619a40d66447ecee81fdebb,403,train
46,seed_46,C_physical_quantity,f9cfd6983a0b656d566c45e49a43f7fefb1892ddb865b6160cc1c399ba414ea0,366561bc4e5c83c690827e0e5ba276acd41e534e0619a40d66447ecee81fdebb,372,train
46,seed_46,C_physical_quantity,f9cfd6983a0b656d566c45e49a43f7fefb1892ddb865b6160cc1c399ba414ea0,366561bc4e5c83c690827e0e5ba276acd41e534e0619a40d66447ecee81fdebb,40,train
46,seed_46,C_physical_quantity,f9cfd6983a0b656d566c45e49a43f7fefb1892ddb865b6160cc1c399ba414ea0,366561bc4e5c83c690827e0e5ba276acd41e534e0619a40d66447ecee81fdebb,325,train
46,seed_46,C_physical_quantity,f9cfd6983a0b656d566c45e49a43f7fefb1892ddb865b6160cc1c399ba414ea0,366561bc4e5c83c690827e0e5ba276acd41e534e0619a40d66447ecee81fdebb,189,train
46,seed_46,C_physical_quantity,f9cfd6983a0b656d566c45e49a43f7fefb1892ddb865b6160cc1c399ba414ea0,366561bc4e5c83c690827e0e5ba276acd41e534e0619a40d66447ecee81fdebb,177,test
46,seed_46,C_physical_quantity,f9cfd6983a0b656d566c45e49a43f7fefb1892ddb865b6160cc1c399ba414ea0,366561bc4e5c83c690827e0e5ba276acd41e534e0619a40d66447ecee81fdebb,124,test
46,seed_46,C_physical_quantity,f9cfd6983a0b656d566c45e49a43f7fefb1892ddb865b6160cc1c399ba414ea0,366561bc4e5c83c690827e0e5ba276acd41e534e0619a40d66447ecee81fdebb,273,test
46,seed_46,C_physical_quantity,f9cfd6983a0b656d566c45e49a43f7fefb1892ddb865b6160cc1c399ba414ea0,366561bc4e5c83c690827e0e5ba276acd41e534e0619a40d66447ecee81fdebb,185,test
46,seed_46,C_physical_quantity,f9cfd6983a0b656d566c45e49a43f7fefb1892ddb865b6160cc1c399ba414ea0,366561bc4e5c83c690827e0e5ba276acd41e534e0619a40d66447ecee81fdebb,284,test
46,seed_46,C_physical_quantity,f9cfd6983a0b656d566c45e49a43f7fefb1892ddb865b6160cc1c399ba414ea0,366561bc4e5c83c690827e0e5ba276acd41e534e0619a40d66447ecee81fdebb,370,test
46,seed_46,C_physical_quantity,f9cfd6983a0b656d566c45e49a43f7fefb1892ddb865b6160cc1c399ba414ea0,366561bc4e5c83c690827e0e5ba276acd41e534e0619a40d66447ecee81fdebb,132,test
46,seed_46,C_physical_quantity,f9cfd6983a0b656d566c45e49a43f7fefb1892ddb865b6160cc1c399ba414ea0,366561bc4e5c83c690827e0e5ba276acd41e534e0619a40d66447ecee81fdebb,281,test
46,seed_46,C_physical_quantity,f9cfd6983a0b656d566c45e49a43f7fefb1892ddb865b6160cc1c399ba414ea0,366561bc4e5c83c690827e0e5ba276acd41e534e0619a40d66447ecee81fdebb,260,test
46,seed_46,C_physical_quantity,f9cfd6983a0b656d566c45e49a43f7fefb1892ddb865b6160cc1c399ba414ea0,366561bc4e5c83c690827e0e5ba276acd41e534e0619a40d66447ecee81fdebb,369,test
46,seed_46,C_physical_quantity,f9cfd6983a0b656d566c45e49a43f7fefb1892ddb865b6160cc1c399ba414ea0,366561bc4e5c83c690827e0e5ba276acd41e534e0619a40d66447ecee81fdebb,144,test
46,seed_46,C_physical_quantity,f9cfd6983a0b656d566c45e49a43f7fefb1892ddb865b6160cc1c399ba414ea0,366561bc4e5c83c690827e0e5ba276acd41e534e0619a40d66447ecee81fdebb,119,test
46,seed_46,C_physical_quantity,f9cfd6983a0b656d566c45e49a43f7fefb1892ddb865b6160cc1c399ba414ea0,366561bc4e5c83c690827e0e5ba276acd41e534e0619a40d66447ecee81fdebb,139,test
46,seed_46,C_physical_quantity,f9cfd6983a0b656d566c45e49a43f7fefb1892ddb865b6160cc1c399ba414ea0,366561bc4e5c83c690827e0e5ba276acd41e534e0619a40d66447ecee81fdebb,212,test
46,seed_46,C_physical_quantity,f9cfd6983a0b656d566c45e49a43f7fefb1892ddb865b6160cc1c399ba414ea0,366561bc4e5c83c690827e0e5ba276acd41e534e0619a40d66447ecee81fdebb,172,test
46,seed_46,C_physical_quantity,f9cfd6983a0b656d566c45e49a43f7fefb1892ddb865b6160cc1c399ba414ea0,366561bc4e5c83c690827e0e5ba276acd41e534e0619a40d66447ecee81fdebb,165,test
46,seed_46,C_physical_quantity,f9cfd6983a0b656d566c45e49a43f7fefb1892ddb865b6160cc1c399ba414ea0,366561bc4e5c83c690827e0e5ba276acd41e534e0619a40d66447ecee81fdebb,143,test
46,seed_46,C_physical_quantity,f9cfd6983a0b656d566c45e49a43f7fefb1892ddb865b6160cc1c399ba414ea0,366561bc4e5c83c690827e0e5ba276acd41e534e0619a40d66447ecee81fdebb,390,test
46,seed_46,C_physical_quantity,f9cfd6983a0b656d566c45e49a43f7fefb1892ddb865b6160cc1c399ba414ea0,366561bc4e5c83c690827e0e5ba276acd41e534e0619a40d66447ecee81fdebb,232,test
46,seed_46,C_physical_quantity,f9cfd6983a0b656d566c45e49a43f7fefb1892ddb865b6160cc1c399ba414ea0,366561bc4e5c83c690827e0e5ba276acd41e534e0619a40d66447ecee81fdebb,206,test
46,seed_46,C_physical_quantity,f9cfd6983a0b656d566c45e49a43f7fefb1892ddb865b6160cc1c399ba414ea0,366561bc4e5c83c690827e0e5ba276acd41e534e0619a40d66447ecee81fdebb,196,test
46,seed_46,C_physical_quantity,f9cfd6983a0b656d566c45e49a43f7fefb1892ddb865b6160cc1c399ba414ea0,366561bc4e5c83c690827e0e5ba276acd41e534e0619a40d66447ecee81fdebb,184,test
46,seed_46,C_physical_quantity,f9cfd6983a0b656d566c45e49a43f7fefb1892ddb865b6160cc1c399ba414ea0,366561bc4e5c83c690827e0e5ba276acd41e534e0619a40d66447ecee81fdebb,125,test
46,seed_46,C_physical_quantity,f9cfd6983a0b656d566c45e49a43f7fefb1892ddb865b6160cc1c399ba414ea0,366561bc4e5c83c690827e0e5ba276acd41e534e0619a40d66447ecee81fdebb,10,test
46,seed_46,C_physical_quantity,f9cfd6983a0b656d566c45e49a43f7fefb1892ddb865b6160cc1c399ba414ea0,366561bc4e5c83c690827e0e5ba276acd41e534e0619a40d66447ecee81fdebb,401,test
46,seed_46,C_physical_quantity,f9cfd6983a0b656d566c45e49a43f7fefb1892ddb865b6160cc1c399ba414ea0,366561bc4e5c83c690827e0e5ba276acd41e534e0619a40d66447ecee81fdebb,384,test
46,seed_46,C_physical_quantity,f9cfd6983a0b656d566c45e49a43f7fefb1892ddb865b6160cc1c399ba414ea0,366561bc4e5c83c690827e0e5ba276acd41e534e0619a40d66447ecee81fdebb,186,test
46,seed_46,C_physical_quantity,f9cfd6983a0b656d566c45e49a43f7fefb1892ddb865b6160cc1c399ba414ea0,366561bc4e5c83c690827e0e5ba276acd41e534e0619a40d66447ecee81fdebb,5,test
46,seed_46,C_physical_quantity,f9cfd6983a0b656d566c45e49a43f7fefb1892ddb865b6160cc1c399ba414ea0,366561bc4e5c83c690827e0e5ba276acd41e534e0619a40d66447ecee81fdebb,326,test
46,seed_46,C_physical_quantity,f9cfd6983a0b656d566c45e49a43f7fefb1892ddb865b6160cc1c399ba414ea0,366561bc4e5c83c690827e0e5ba276acd41e534e0619a40d66447ecee81fdebb,339,test
46,seed_46,C_physical_quantity,f9cfd6983a0b656d566c45e49a43f7fefb1892ddb865b6160cc1c399ba414ea0,366561bc4e5c83c690827e0e5ba276acd41e534e0619a40d66447ecee81fdebb,4,test
46,seed_46,C_physical_quantity,f9cfd6983a0b656d566c45e49a43f7fefb1892ddb865b6160cc1c399ba414ea0,366561bc4e5c83c690827e0e5ba276acd41e534e0619a40d66447ecee81fdebb,395,test
46,seed_46,C_physical_quantity,f9cfd6983a0b656d566c45e49a43f7fefb1892ddb865b6160cc1c399ba414ea0,366561bc4e5c83c690827e0e5ba276acd41e534e0619a40d66447ecee81fdebb,363,test
46,seed_46,C_physical_quantity,f9cfd6983a0b656d566c45e49a43f7fefb1892ddb865b6160cc1c399ba414ea0,366561bc4e5c83c690827e0e5ba276acd41e534e0619a40d66447ecee81fdebb,145,test
46,seed_46,C_physical_quantity,f9cfd6983a0b656d566c45e49a43f7fefb1892ddb865b6160cc1c399ba414ea0,366561bc4e5c83c690827e0e5ba276acd41e534e0619a40d66447ecee81fdebb,237,test
46,seed_46,C_physical_quantity,f9cfd6983a0b656d566c45e49a43f7fefb1892ddb865b6160cc1c399ba414ea0,366561bc4e5c83c690827e0e5ba276acd41e534e0619a40d66447ecee81fdebb,266,test
46,seed_46,C_physical_quantity,f9cfd6983a0b656d566c45e49a43f7fefb1892ddb865b6160cc1c399ba414ea0,366561bc4e5c83c690827e0e5ba276acd41e534e0619a40d66447ecee81fdebb,394,test
46,seed_46,C_physical_quantity,f9cfd6983a0b656d566c45e49a43f7fefb1892ddb865b6160cc1c399ba414ea0,366561bc4e5c83c690827e0e5ba276acd41e534e0619a40d66447ecee81fdebb,304,test
46,seed_46,C_physical_quantity,f9cfd6983a0b656d566c45e49a43f7fefb1892ddb865b6160cc1c399ba414ea0,366561bc4e5c83c690827e0e5ba276acd41e534e0619a40d66447ecee81fdebb,103,test
46,seed_46,C_physical_quantity,f9cfd6983a0b656d566c45e49a43f7fefb1892ddb865b6160cc1c399ba414ea0,366561bc4e5c83c690827e0e5ba276acd41e534e0619a40d66447ecee81fdebb,105,test
46,seed_46,C_physical_quantity,f9cfd6983a0b656d566c45e49a43f7fefb1892ddb865b6160cc1c399ba414ea0,366561bc4e5c83c690827e0e5ba276acd41e534e0619a40d66447ecee81fdebb,385,test
46,seed_46,C_physical_quantity,f9cfd6983a0b656d566c45e49a43f7fefb1892ddb865b6160cc1c399ba414ea0,366561bc4e5c83c690827e0e5ba276acd41e534e0619a40d66447ecee81fdebb,367,test
46,seed_46,C_physical_quantity,f9cfd6983a0b656d566c45e49a43f7fefb1892ddb865b6160cc1c399ba414ea0,366561bc4e5c83c690827e0e5ba276acd41e534e0619a40d66447ecee81fdebb,321,test
46,seed_46,C_physical_quantity,f9cfd6983a0b656d566c45e49a43f7fefb1892ddb865b6160cc1c399ba414ea0,366561bc4e5c83c690827e0e5ba276acd41e534e0619a40d66447ecee81fdebb,151,test
46,seed_46,C_physical_quantity,f9cfd6983a0b656d566c45e49a43f7fefb1892ddb865b6160cc1c399ba414ea0,366561bc4e5c83c690827e0e5ba276acd41e534e0619a40d66447ecee81fdebb,169,test
46,seed_46,C_physical_quantity,f9cfd6983a0b656d566c45e49a43f7fefb1892ddb865b6160cc1c399ba414ea0,366561bc4e5c83c690827e0e5ba276acd41e534e0619a40d66447ecee81fdebb,138,test
46,seed_46,C_physical_quantity,f9cfd6983a0b656d566c45e49a43f7fefb1892ddb865b6160cc1c399ba414ea0,366561bc4e5c83c690827e0e5ba276acd41e534e0619a40d66447ecee81fdebb,303,test
46,seed_46,C_physical_quantity,f9cfd6983a0b656d566c45e49a43f7fefb1892ddb865b6160cc1c399ba414ea0,366561bc4e5c83c690827e0e5ba276acd41e534e0619a40d66447ecee81fdebb,190,test
46,seed_46,C_physical_quantity,f9cfd6983a0b656d566c45e49a43f7fefb1892ddb865b6160cc1c399ba414ea0,366561bc4e5c83c690827e0e5ba276acd41e534e0619a40d66447ecee81fdebb,110,test
46,seed_46,C_physical_quantity,f9cfd6983a0b656d566c45e49a43f7fefb1892ddb865b6160cc1c399ba414ea0,366561bc4e5c83c690827e0e5ba276acd41e534e0619a40d66447ecee81fdebb,147,test
46,seed_46,C_physical_quantity,f9cfd6983a0b656d566c45e49a43f7fefb1892ddb865b6160cc1c399ba414ea0,366561bc4e5c83c690827e0e5ba276acd41e534e0619a40d66447ecee81fdebb,353,test
46,seed_46,C_physical_quantity,f9cfd6983a0b656d566c45e49a43f7fefb1892ddb865b6160cc1c399ba414ea0,366561bc4e5c83c690827e0e5ba276acd41e534e0619a40d66447ecee81fdebb,135,test
46,seed_46,C_physical_quantity,f9cfd6983a0b656d566c45e49a43f7fefb1892ddb865b6160cc1c399ba414ea0,366561bc4e5c83c690827e0e5ba276acd41e534e0619a40d66447ecee81fdebb,338,test
46,seed_46,C_physical_quantity,f9cfd6983a0b656d566c45e49a43f7fefb1892ddb865b6160cc1c399ba414ea0,366561bc4e5c83c690827e0e5ba276acd41e534e0619a40d66447ecee81fdebb,298,test
46,seed_46,C_physical_quantity,f9cfd6983a0b656d566c45e49a43f7fefb1892ddb865b6160cc1c399ba414ea0,366561bc4e5c83c690827e0e5ba276acd41e534e0619a40d66447ecee81fdebb,331,test
46,seed_46,C_physical_quantity,f9cfd6983a0b656d566c45e49a43f7fefb1892ddb865b6160cc1c399ba414ea0,366561bc4e5c83c690827e0e5ba276acd41e534e0619a40d66447ecee81fdebb,45,test
46,seed_46,C_physical_quantity,f9cfd6983a0b656d566c45e49a43f7fefb1892ddb865b6160cc1c399ba414ea0,366561bc4e5c83c690827e0e5ba276acd41e534e0619a40d66447ecee81fdebb,43,test
46,seed_46,C_physical_quantity,f9cfd6983a0b656d566c45e49a43f7fefb1892ddb865b6160cc1c399ba414ea0,366561bc4e5c83c690827e0e5ba276acd41e534e0619a40d66447ecee81fdebb,62,test
46,seed_46,C_physical_quantity,f9cfd6983a0b656d566c45e49a43f7fefb1892ddb865b6160cc1c399ba414ea0,366561bc4e5c83c690827e0e5ba276acd41e534e0619a40d66447ecee81fdebb,71,test
46,seed_46,C_physical_quantity,f9cfd6983a0b656d566c45e49a43f7fefb1892ddb865b6160cc1c399ba414ea0,366561bc4e5c83c690827e0e5ba276acd41e534e0619a40d66447ecee81fdebb,191,test
46,seed_46,C_physical_quantity,f9cfd6983a0b656d566c45e49a43f7fefb1892ddb865b6160cc1c399ba414ea0,366561bc4e5c83c690827e0e5ba276acd41e534e0619a40d66447ecee81fdebb,55,test
46,seed_46,C_physical_quantity,f9cfd6983a0b656d566c45e49a43f7fefb1892ddb865b6160cc1c399ba414ea0,366561bc4e5c83c690827e0e5ba276acd41e534e0619a40d66447ecee81fdebb,106,test
46,seed_46,C_physical_quantity,f9cfd6983a0b656d566c45e49a43f7fefb1892ddb865b6160cc1c399ba414ea0,366561bc4e5c83c690827e0e5ba276acd41e534e0619a40d66447ecee81fdebb,290,test
46,seed_46,C_physical_quantity,f9cfd6983a0b656d566c45e49a43f7fefb1892ddb865b6160cc1c399ba414ea0,366561bc4e5c83c690827e0e5ba276acd41e534e0619a40d66447ecee81fdebb,292,test
46,seed_46,C_physical_quantity,f9cfd6983a0b656d566c45e49a43f7fefb1892ddb865b6160cc1c399ba414ea0,366561bc4e5c83c690827e0e5ba276acd41e534e0619a40d66447ecee81fdebb,405,test
46,seed_46,C_physical_quantity,f9cfd6983a0b656d566c45e49a43f7fefb1892ddb865b6160cc1c399ba414ea0,366561bc4e5c83c690827e0e5ba276acd41e534e0619a40d66447ecee81fdebb,252,test
46,seed_46,C_physical_quantity,f9cfd6983a0b656d566c45e49a43f7fefb1892ddb865b6160cc1c399ba414ea0,366561bc4e5c83c690827e0e5ba276acd41e534e0619a40d66447ecee81fdebb,398,test
46,seed_46,C_physical_quantity,f9cfd6983a0b656d566c45e49a43f7fefb1892ddb865b6160cc1c399ba414ea0,366561bc4e5c83c690827e0e5ba276acd41e534e0619a40d66447ecee81fdebb,227,test
46,seed_46,C_physical_quantity,f9cfd6983a0b656d566c45e49a43f7fefb1892ddb865b6160cc1c399ba414ea0,366561bc4e5c83c690827e0e5ba276acd41e534e0619a40d66447ecee81fdebb,77,test
46,seed_46,C_physical_quantity,f9cfd6983a0b656d566c45e49a43f7fefb1892ddb865b6160cc1c399ba414ea0,366561bc4e5c83c690827e0e5ba276acd41e534e0619a40d66447ecee81fdebb,56,test
46,seed_46,C_physical_quantity,f9cfd6983a0b656d566c45e49a43f7fefb1892ddb865b6160cc1c399ba414ea0,366561bc4e5c83c690827e0e5ba276acd41e534e0619a40d66447ecee81fdebb,223,test
46,seed_46,C_physical_quantity,f9cfd6983a0b656d566c45e49a43f7fefb1892ddb865b6160cc1c399ba414ea0,366561bc4e5c83c690827e0e5ba276acd41e534e0619a40d66447ecee81fdebb,234,test
46,seed_46,C_physical_quantity,f9cfd6983a0b656d566c45e49a43f7fefb1892ddb865b6160cc1c399ba414ea0,366561bc4e5c83c690827e0e5ba276acd41e534e0619a40d66447ecee81fdebb,9,test
46,seed_46,C_physical_quantity,f9cfd6983a0b656d566c45e49a43f7fefb1892ddb865b6160cc1c399ba414ea0,366561bc4e5c83c690827e0e5ba276acd41e534e0619a40d66447ecee81fdebb,154,test
46,seed_46,C_physical_quantity,f9cfd6983a0b656d566c45e49a43f7fefb1892ddb865b6160cc1c399ba414ea0,366561bc4e5c83c690827e0e5ba276acd41e534e0619a40d66447ecee81fdebb,283,test
46,seed_46,C_physical_quantity,f9cfd6983a0b656d566c45e49a43f7fefb1892ddb865b6160cc1c399ba414ea0,366561bc4e5c83c690827e0e5ba276acd41e534e0619a40d66447ecee81fdebb,299,test
46,seed_46,C_physical_quantity,f9cfd6983a0b656d566c45e49a43f7fefb1892ddb865b6160cc1c399ba414ea0,366561bc4e5c83c690827e0e5ba276acd41e534e0619a40d66447ecee81fdebb,37,test
46,seed_46,C_physical_quantity,f9cfd6983a0b656d566c45e49a43f7fefb1892ddb865b6160cc1c399ba414ea0,366561bc4e5c83c690827e0e5ba276acd41e534e0619a40d66447ecee81fdebb,365,test
46,seed_46,C_physical_quantity,f9cfd6983a0b656d566c45e49a43f7fefb1892ddb865b6160cc1c399ba414ea0,366561bc4e5c83c690827e0e5ba276acd41e534e0619a40d66447ecee81fdebb,224,test
46,seed_46,C_physical_quantity,f9cfd6983a0b656d566c45e49a43f7fefb1892ddb865b6160cc1c399ba414ea0,366561bc4e5c83c690827e0e5ba276acd41e534e0619a40d66447ecee81fdebb,84,test
46,seed_46,C_physical_quantity,f9cfd6983a0b656d566c45e49a43f7fefb1892ddb865b6160cc1c399ba414ea0,366561bc4e5c83c690827e0e5ba276acd41e534e0619a40d66447ecee81fdebb,81,test
46,seed_46,C_physical_quantity,f9cfd6983a0b656d566c45e49a43f7fefb1892ddb865b6160cc1c399ba414ea0,366561bc4e5c83c690827e0e5ba276acd41e534e0619a40d66447ecee81fdebb,225,test
46,seed_46,C_physical_quantity,f9cfd6983a0b656d566c45e49a43f7fefb1892ddb865b6160cc1c399ba414ea0,366561bc4e5c83c690827e0e5ba276acd41e534e0619a40d66447ecee81fdebb,389,test
46,seed_46,C_physical_quantity,f9cfd6983a0b656d566c45e49a43f7fefb1892ddb865b6160cc1c399ba414ea0,366561bc4e5c83c690827e0e5ba276acd41e534e0619a40d66447ecee81fdebb,19,test
46,seed_46,C_physical_quantity,f9cfd6983a0b656d566c45e49a43f7fefb1892ddb865b6160cc1c399ba414ea0,366561bc4e5c83c690827e0e5ba276acd41e534e0619a40d66447ecee81fdebb,282,test
46,seed_46,C_physical_quantity,f9cfd6983a0b656d566c45e49a43f7fefb1892ddb865b6160cc1c399ba414ea0,366561bc4e5c83c690827e0e5ba276acd41e534e0619a40d66447ecee81fdebb,31,test
46,seed_46,C_physical_quantity,f9cfd6983a0b656d566c45e49a43f7fefb1892ddb865b6160cc1c399ba414ea0,366561bc4e5c83c690827e0e5ba276acd41e534e0619a40d66447ecee81fdebb,222,test
46,seed_46,C_physical_quantity,f9cfd6983a0b656d566c45e49a43f7fefb1892ddb865b6160cc1c399ba414ea0,366561bc4e5c83c690827e0e5ba276acd41e534e0619a40d66447ecee81fdebb,255,test
46,seed_46,C_physical_quantity,f9cfd6983a0b656d566c45e49a43f7fefb1892ddb865b6160cc1c399ba414ea0,366561bc4e5c83c690827e0e5ba276acd41e534e0619a40d66447ecee81fdebb,36,test
46,seed_46,C_physical_quantity,f9cfd6983a0b656d566c45e49a43f7fefb1892ddb865b6160cc1c399ba414ea0,366561bc4e5c83c690827e0e5ba276acd41e534e0619a40d66447ecee81fdebb,383,test
46,seed_46,C_physical_quantity,f9cfd6983a0b656d566c45e49a43f7fefb1892ddb865b6160cc1c399ba414ea0,366561bc4e5c83c690827e0e5ba276acd41e534e0619a40d66447ecee81fdebb,294,test
46,seed_46,C_physical_quantity,f9cfd6983a0b656d566c45e49a43f7fefb1892ddb865b6160cc1c399ba414ea0,366561bc4e5c83c690827e0e5ba276acd41e534e0619a40d66447ecee81fdebb,297,test
46,seed_46,C_physical_quantity,f9cfd6983a0b656d566c45e49a43f7fefb1892ddb865b6160cc1c399ba414ea0,366561bc4e5c83c690827e0e5ba276acd41e534e0619a40d66447ecee81fdebb,269,test
46,seed_46,C_physical_quantity,f9cfd6983a0b656d566c45e49a43f7fefb1892ddb865b6160cc1c399ba414ea0,366561bc4e5c83c690827e0e5ba276acd41e534e0619a40d66447ecee81fdebb,52,test
46,seed_46,C_physical_quantity,f9cfd6983a0b656d566c45e49a43f7fefb1892ddb865b6160cc1c399ba414ea0,366561bc4e5c83c690827e0e5ba276acd41e534e0619a40d66447ecee81fdebb,108,test
46,seed_46,C_physical_quantity,f9cfd6983a0b656d566c45e49a43f7fefb1892ddb865b6160cc1c399ba414ea0,366561bc4e5c83c690827e0e5ba276acd41e534e0619a40d66447ecee81fdebb,12,test
46,seed_46,C_physical_quantity,f9cfd6983a0b656d566c45e49a43f7fefb1892ddb865b6160cc1c399ba414ea0,366561bc4e5c83c690827e0e5ba276acd41e534e0619a40d66447ecee81fdebb,104,test
46,seed_46,C_physical_quantity,f9cfd6983a0b656d566c45e49a43f7fefb1892ddb865b6160cc1c399ba414ea0,366561bc4e5c83c690827e0e5ba276acd41e534e0619a40d66447ecee81fdebb,265,test
46,seed_46,C_physical_quantity,f9cfd6983a0b656d566c45e49a43f7fefb1892ddb865b6160cc1c399ba414ea0,366561bc4e5c83c690827e0e5ba276acd41e534e0619a40d66447ecee81fdebb,48,test
46,seed_46,C_physical_quantity,f9cfd6983a0b656d566c45e49a43f7fefb1892ddb865b6160cc1c399ba414ea0,366561bc4e5c83c690827e0e5ba276acd41e534e0619a40d66447ecee81fdebb,33,test
46,seed_46,C_physical_quantity,f9cfd6983a0b656d566c45e49a43f7fefb1892ddb865b6160cc1c399ba414ea0,366561bc4e5c83c690827e0e5ba276acd41e534e0619a40d66447ecee81fdebb,76,test
46,seed_46,C_physical_quantity,f9cfd6983a0b656d566c45e49a43f7fefb1892ddb865b6160cc1c399ba414ea0,366561bc4e5c83c690827e0e5ba276acd41e534e0619a40d66447ecee81fdebb,213,test
46,seed_46,C_physical_quantity,f9cfd6983a0b656d566c45e49a43f7fefb1892ddb865b6160cc1c399ba414ea0,366561bc4e5c83c690827e0e5ba276acd41e534e0619a40d66447ecee81fdebb,393,test
46,seed_46,C_physical_quantity,f9cfd6983a0b656d566c45e49a43f7fefb1892ddb865b6160cc1c399ba414ea0,366561bc4e5c83c690827e0e5ba276acd41e534e0619a40d66447ecee81fdebb,317,test
46,seed_46,C_physical_quantity,f9cfd6983a0b656d566c45e49a43f7fefb1892ddb865b6160cc1c399ba414ea0,366561bc4e5c83c690827e0e5ba276acd41e534e0619a40d66447ecee81fdebb,102,test
46,seed_46,C_physical_quantity,f9cfd6983a0b656d566c45e49a43f7fefb1892ddb865b6160cc1c399ba414ea0,366561bc4e5c83c690827e0e5ba276acd41e534e0619a40d66447ecee81fdebb,417,test
46,seed_46,C_physical_quantity,f9cfd6983a0b656d566c45e49a43f7fefb1892ddb865b6160cc1c399ba414ea0,366561bc4e5c83c690827e0e5ba276acd41e534e0619a40d66447ecee81fdebb,14,test
46,seed_46,C_physical_quantity,f9cfd6983a0b656d566c45e49a43f7fefb1892ddb865b6160cc1c399ba414ea0,366561bc4e5c83c690827e0e5ba276acd41e534e0619a40d66447ecee81fdebb,112,test
46,seed_46,C_physical_quantity,f9cfd6983a0b656d566c45e49a43f7fefb1892ddb865b6160cc1c399ba414ea0,366561bc4e5c83c690827e0e5ba276acd41e534e0619a40d66447ecee81fdebb,406,test
46,seed_46,C_physical_quantity,f9cfd6983a0b656d566c45e49a43f7fefb1892ddb865b6160cc1c399ba414ea0,366561bc4e5c83c690827e0e5ba276acd41e534e0619a40d66447ecee81fdebb,17,test
46,seed_46,C_physical_quantity,f9cfd6983a0b656d566c45e49a43f7fefb1892ddb865b6160cc1c399ba414ea0,366561bc4e5c83c690827e0e5ba276acd41e534e0619a40d66447ecee81fdebb,320,test
46,seed_46,C_physical_quantity,f9cfd6983a0b656d566c45e49a43f7fefb1892ddb865b6160cc1c399ba414ea0,366561bc4e5c83c690827e0e5ba276acd41e534e0619a40d66447ecee81fdebb,11,test
46,seed_46,C_physical_quantity,f9cfd6983a0b656d566c45e49a43f7fefb1892ddb865b6160cc1c399ba414ea0,366561bc4e5c83c690827e0e5ba276acd41e534e0619a40d66447ecee81fdebb,115,test
46,seed_46,C_physical_quantity,f9cfd6983a0b656d566c45e49a43f7fefb1892ddb865b6160cc1c399ba414ea0,366561bc4e5c83c690827e0e5ba276acd41e534e0619a40d66447ecee81fdebb,96,test
46,seed_46,C_physical_quantity,f9cfd6983a0b656d566c45e49a43f7fefb1892ddb865b6160cc1c399ba414ea0,366561bc4e5c83c690827e0e5ba276acd41e534e0619a40d66447ecee81fdebb,113,test
46,seed_46,C_physical_quantity,f9cfd6983a0b656d566c45e49a43f7fefb1892ddb865b6160cc1c399ba414ea0,366561bc4e5c83c690827e0e5ba276acd41e534e0619a40d66447ecee81fdebb,362,test
46,seed_46,C_physical_quantity,f9cfd6983a0b656d566c45e49a43f7fefb1892ddb865b6160cc1c399ba414ea0,366561bc4e5c83c690827e0e5ba276acd41e534e0619a40d66447ecee81fdebb,289,test
46,seed_46,C_physical_quantity,f9cfd6983a0b656d566c45e49a43f7fefb1892ddb865b6160cc1c399ba414ea0,366561bc4e5c83c690827e0e5ba276acd41e534e0619a40d66447ecee81fdebb,153,test
46,seed_46,C_physical_quantity,f9cfd6983a0b656d566c45e49a43f7fefb1892ddb865b6160cc1c399ba414ea0,366561bc4e5c83c690827e0e5ba276acd41e534e0619a40d66447ecee81fdebb,264,test
46,seed_46,C_physical_quantity,f9cfd6983a0b656d566c45e49a43f7fefb1892ddb865b6160cc1c399ba414ea0,366561bc4e5c83c690827e0e5ba276acd41e534e0619a40d66447ecee81fdebb,64,test
46,seed_46,C_physical_quantity,f9cfd6983a0b656d566c45e49a43f7fefb1892ddb865b6160cc1c399ba414ea0,366561bc4e5c83c690827e0e5ba276acd41e534e0619a40d66447ecee81fdebb,334,test
46,seed_46,C_physical_quantity,f9cfd6983a0b656d566c45e49a43f7fefb1892ddb865b6160cc1c399ba414ea0,366561bc4e5c83c690827e0e5ba276acd41e534e0619a40d66447ecee81fdebb,387,test
46,seed_46,C_physical_quantity,f9cfd6983a0b656d566c45e49a43f7fefb1892ddb865b6160cc1c399ba414ea0,366561bc4e5c83c690827e0e5ba276acd41e534e0619a40d66447ecee81fdebb,142,test
46,seed_46,C_physical_quantity,f9cfd6983a0b656d566c45e49a43f7fefb1892ddb865b6160cc1c399ba414ea0,366561bc4e5c83c690827e0e5ba276acd41e534e0619a40d66447ecee81fdebb,20,test
46,seed_46,C_physical_quantity,f9cfd6983a0b656d566c45e49a43f7fefb1892ddb865b6160cc1c399ba414ea0,366561bc4e5c83c690827e0e5ba276acd41e534e0619a40d66447ecee81fdebb,279,test
46,seed_46,C_physical_quantity,f9cfd6983a0b656d566c45e49a43f7fefb1892ddb865b6160cc1c399ba414ea0,366561bc4e5c83c690827e0e5ba276acd41e534e0619a40d66447ecee81fdebb,342,test
